symbol,date,abertura,alta,baixa,fechamento,volume,adjclose,dividendo
TOTS3,"('TOTS3.SA', datetime.date(2023, 6, 1))",28.850000381469727,30.219999313354492,28.729999542236328,30.09000015258789,4512800,29.669626235961914,0.0
TOTS3,"('TOTS3.SA', datetime.date(2023, 6, 2))",30.399999618530273,30.440000534057617,28.229999542236328,28.829999923706055,8452600,28.427230834960938,0.0
TOTS3,"('TOTS3.SA', datetime.date(2023, 6, 5))",28.6299991607666,28.75,28.200000762939453,28.700000762939453,3309200,28.299047470092773,0.0
TOTS3,"('TOTS3.SA', datetime.date(2023, 6, 6))",28.940000534057617,29.670000076293945,28.8799991607666,29.56999969482422,4805800,29.156890869140625,0.0
TOTS3,"('TOTS3.SA', datetime.date(2023, 6, 7))",29.75,30.110000610351562,29.309999465942383,29.700000762939453,4864600,29.285078048706055,0.0
TOTS3,"('TOTS3.SA', datetime.date(2023, 6, 9))",29.899999618530273,30.149999618530273,29.6299991607666,29.860000610351562,3621100,29.442840576171875,0.0
TOTS3,"('TOTS3.SA', datetime.date(2023, 6, 12))",30.229999542236328,30.690000534057617,30.040000915527344,30.510000228881836,3953000,30.083759307861328,0.0
TOTS3,"('TOTS3.SA', datetime.date(2023, 6, 13))",30.540000915527344,30.739999771118164,29.790000915527344,29.950000762939453,6850000,29.531583786010742,0.0
TOTS3,"('TOTS3.SA', datetime.date(2023, 6, 14))",29.899999618530273,30.299999237060547,29.399999618530273,29.899999618530273,6924000,29.482280731201172,0.0
TOTS3,"('TOTS3.SA', datetime.date(2023, 6, 15))",29.8700008392334,30.350000381469727,29.690000534057617,30.350000381469727,5881200,29.925994873046875,0.0
TOTS3,"('TOTS3.SA', datetime.date(2023, 6, 16))",30.270000457763672,30.40999984741211,29.81999969482422,29.8799991607666,5819000,29.462560653686523,0.0
TOTS3,"('TOTS3.SA', datetime.date(2023, 6, 19))",29.860000610351562,30.170000076293945,29.770000457763672,29.989999771118164,1595600,29.57102394104004,0.0
TOTS3,"('TOTS3.SA', datetime.date(2023, 6, 20))",29.860000610351562,30.0,29.389999389648438,29.93000030517578,5027800,29.511863708496094,0.0
TOTS3,"('TOTS3.SA', datetime.date(2023, 6, 21))",29.799999237060547,29.8799991607666,28.84000015258789,29.5,4097000,29.08786964416504,0.0
TOTS3,"('TOTS3.SA', datetime.date(2023, 6, 22))",29.309999465942383,29.309999465942383,28.3700008392334,28.969999313354492,5283100,28.56527328491211,0.0
TOTS3,"('TOTS3.SA', datetime.date(2023, 6, 23))",29.40999984741211,29.860000610351562,28.969999313354492,29.770000457763672,3869800,29.35409927368164,0.0
TOTS3,"('TOTS3.SA', datetime.date(2023, 6, 26))",29.770000457763672,29.809999465942383,28.850000381469727,29.3700008392334,4207800,28.959688186645508,0.0
TOTS3,"('TOTS3.SA', datetime.date(2023, 6, 27))",29.700000762939453,29.829999923706055,28.889999389648438,29.229999542236328,3174300,28.82164192199707,0.0
TOTS3,"('TOTS3.SA', datetime.date(2023, 6, 28))",29.399999618530273,29.610000610351562,28.790000915527344,28.989999771118164,3085500,28.58499526977539,0.0
TOTS3,"('TOTS3.SA', datetime.date(2023, 6, 29))",29.100000381469727,29.790000915527344,29.049999237060547,29.56999969482422,2301600,29.156890869140625,0.0
TOTS3,"('TOTS3.SA', datetime.date(2023, 6, 30))",29.809999465942383,30.559999465942383,29.649999618530273,29.979999542236328,4070500,29.5611629486084,0.0
TOTS3,"('TOTS3.SA', datetime.date(2023, 7, 3))",30.280000686645508,31.09000015258789,29.959999084472656,30.579999923706055,4997300,30.152782440185547,0.0
TOTS3,"('TOTS3.SA', datetime.date(2023, 7, 4))",30.579999923706055,30.889999389648438,30.25,30.290000915527344,1265500,29.86683464050293,0.0
TOTS3,"('TOTS3.SA', datetime.date(2023, 7, 5))",30.049999237060547,31.030000686645508,29.950000762939453,30.829999923706055,2916000,30.399288177490234,0.0
TOTS3,"('TOTS3.SA', datetime.date(2023, 7, 6))",30.649999618530273,30.649999618530273,29.889999389648438,29.950000762939453,2694900,29.531583786010742,0.0
TOTS3,"('TOTS3.SA', datetime.date(2023, 7, 7))",30.1299991607666,30.639999389648438,30.010000228881836,30.5,2791100,30.073898315429688,0.0
TOTS3,"('TOTS3.SA', datetime.date(2023, 7, 10))",30.469999313354492,30.540000915527344,29.989999771118164,30.020000457763672,2082400,29.600605010986328,0.0
TOTS3,"('TOTS3.SA', datetime.date(2023, 7, 11))",29.75,30.030000686645508,29.270000457763672,29.68000030517578,3569000,29.265356063842773,0.0
TOTS3,"('TOTS3.SA', datetime.date(2023, 7, 12))",29.75,30.190000534057617,29.56999969482422,29.6200008392334,5364900,29.206193923950195,0.0
TOTS3,"('TOTS3.SA', datetime.date(2023, 7, 13))",29.6200008392334,30.489999771118164,29.40999984741211,29.940000534057617,2861900,29.5217227935791,0.0
TOTS3,"('TOTS3.SA', datetime.date(2023, 7, 14))",29.739999771118164,30.18000030517578,29.350000381469727,29.43000030517578,2534700,29.018848419189453,0.0
TOTS3,"('TOTS3.SA', datetime.date(2023, 7, 17))",29.010000228881836,29.709999084472656,28.729999542236328,29.579999923706055,3181100,29.166751861572266,0.0
TOTS3,"('TOTS3.SA', datetime.date(2023, 7, 18))",28.8799991607666,29.530000686645508,28.75,29.149999618530273,8497600,28.742759704589844,0.0
TOTS3,"('TOTS3.SA', datetime.date(2023, 7, 19))",29.1299991607666,29.260000228881836,28.729999542236328,29.010000228881836,5148800,28.60471534729004,0.0
TOTS3,"('TOTS3.SA', datetime.date(2023, 7, 20))",28.93000030517578,29.030000686645508,28.290000915527344,28.530000686645508,5627000,28.13142204284668,0.0
TOTS3,"('TOTS3.SA', datetime.date(2023, 7, 21))",28.729999542236328,29.270000457763672,28.6200008392334,29.270000457763672,4111100,28.861083984375,0.0
TOTS3,"('TOTS3.SA', datetime.date(2023, 7, 24))",29.270000457763672,29.600000381469727,29.020000457763672,29.530000686645508,1976000,29.117450714111328,0.0
TOTS3,"('TOTS3.SA', datetime.date(2023, 7, 25))",29.899999618530273,30.079999923706055,29.299999237060547,29.450000762939453,2181000,29.0385684967041,0.0
TOTS3,"('TOTS3.SA', datetime.date(2023, 7, 26))",29.450000762939453,29.790000915527344,29.239999771118164,29.729999542236328,1872300,29.31465721130371,0.0
TOTS3,"('TOTS3.SA', datetime.date(2023, 7, 27))",29.6299991607666,30.040000915527344,29.190000534057617,29.219999313354492,3288000,28.811782836914062,0.0
TOTS3,"('TOTS3.SA', datetime.date(2023, 7, 28))",29.329999923706055,29.3700008392334,28.950000762939453,29.209999084472656,1620100,29.030427932739258,0.23
TOTS3,"('TOTS3.SA', datetime.date(2023, 7, 31))",29.3799991607666,29.84000015258789,29.15999984741211,29.56999969482422,3802200,29.388216018676758,0.0
TOTS3,"('TOTS3.SA', datetime.date(2023, 8, 1))",29.350000381469727,30.010000228881836,29.229999542236328,29.610000610351562,3693400,29.42797088623047,0.0
TOTS3,"('TOTS3.SA', datetime.date(2023, 8, 2))",29.639999389648438,29.780000686645508,29.329999923706055,29.469999313354492,1943300,29.288829803466797,0.0
TOTS3,"('TOTS3.SA', datetime.date(2023, 8, 3))",29.850000381469727,30.389999389648438,29.510000228881836,29.56999969482422,4072200,29.388216018676758,0.0
TOTS3,"('TOTS3.SA', datetime.date(2023, 8, 4))",29.56999969482422,29.850000381469727,29.139999389648438,29.309999465942383,1821800,29.12981414794922,0.0
TOTS3,"('TOTS3.SA', datetime.date(2023, 8, 7))",29.209999084472656,29.670000076293945,29.030000686645508,29.6200008392334,1767500,29.437910079956055,0.0
TOTS3,"('TOTS3.SA', datetime.date(2023, 8, 8))",29.18000030517578,29.600000381469727,28.770000457763672,29.469999313354492,3331500,29.288829803466797,0.0
TOTS3,"('TOTS3.SA', datetime.date(2023, 8, 9))",28.399999618530273,28.75,27.459999084472656,28.290000915527344,19720100,28.116086959838867,0.0
TOTS3,"('TOTS3.SA', datetime.date(2023, 8, 10))",28.510000228881836,28.75,27.8799991607666,27.899999618530273,7463000,27.728483200073242,0.0
TOTS3,"('TOTS3.SA', datetime.date(2023, 8, 11))",27.75,28.010000228881836,27.030000686645508,27.329999923706055,8463000,27.1619873046875,0.0
TOTS3,"('TOTS3.SA', datetime.date(2023, 8, 14))",27.110000610351562,27.6200008392334,26.860000610351562,27.510000228881836,4358800,27.34088134765625,0.0
TOTS3,"('TOTS3.SA', datetime.date(2023, 8, 15))",27.469999313354492,27.670000076293945,27.1200008392334,27.5,4282300,27.330942153930664,0.0
TOTS3,"('TOTS3.SA', datetime.date(2023, 8, 16))",27.440000534057617,27.829999923706055,27.360000610351562,27.389999389648438,4447000,27.221616744995117,0.0
TOTS3,"('TOTS3.SA', datetime.date(2023, 8, 17))",27.579999923706055,28.360000610351562,27.489999771118164,27.719999313354492,8731700,27.549589157104492,0.0
TOTS3,"('TOTS3.SA', datetime.date(2023, 8, 18))",27.719999313354492,28.43000030517578,27.56999969482422,27.920000076293945,4786500,27.74835968017578,0.0
TOTS3,"('TOTS3.SA', datetime.date(2023, 8, 21))",27.889999389648438,28.190000534057617,27.600000381469727,27.6299991607666,2966500,27.460142135620117,0.0
TOTS3,"('TOTS3.SA', datetime.date(2023, 8, 22))",27.690000534057617,28.5,27.690000534057617,27.8799991607666,5318300,27.70860481262207,0.0
TOTS3,"('TOTS3.SA', datetime.date(2023, 8, 23))",27.8700008392334,28.43000030517578,27.860000610351562,28.260000228881836,3882500,28.08626937866211,0.0
TOTS3,"('TOTS3.SA', datetime.date(2023, 8, 24))",28.350000381469727,28.56999969482422,28.100000381469727,28.190000534057617,2668100,28.016700744628906,0.0
TOTS3,"('TOTS3.SA', datetime.date(2023, 8, 25))",28.170000076293945,28.18000030517578,27.600000381469727,27.850000381469727,3827200,27.678791046142578,0.0
TOTS3,"('TOTS3.SA', datetime.date(2023, 8, 28))",28.079999923706055,28.389999389648438,28.010000228881836,28.260000228881836,2853300,28.08626937866211,0.0
TOTS3,"('TOTS3.SA', datetime.date(2023, 8, 29))",28.420000076293945,28.780000686645508,28.309999465942383,28.6299991607666,1918600,28.453994750976562,0.0
TOTS3,"('TOTS3.SA', datetime.date(2023, 8, 30))",28.81999969482422,28.979999542236328,28.399999618530273,28.510000228881836,2601300,28.334733963012695,0.0
TOTS3,"('TOTS3.SA', datetime.date(2023, 8, 31))",28.40999984741211,28.59000015258789,27.40999984741211,27.739999771118164,6230600,27.56946563720703,0.0
TOTS3,"('TOTS3.SA', datetime.date(2023, 9, 1))",27.75,28.260000228881836,27.739999771118164,27.799999237060547,2345400,27.62909698486328,0.0
TOTS3,"('TOTS3.SA', datetime.date(2023, 9, 4))",27.649999618530273,27.940000534057617,27.479999542236328,27.940000534057617,1429200,27.768238067626953,0.0
TOTS3,"('TOTS3.SA', datetime.date(2023, 9, 5))",27.8799991607666,28.030000686645508,27.600000381469727,27.729999542236328,3448200,27.559528350830078,0.0
TOTS3,"('TOTS3.SA', datetime.date(2023, 9, 6))",27.670000076293945,27.899999618530273,27.600000381469727,27.760000228881836,5179600,27.589344024658203,0.0
TOTS3,"('TOTS3.SA', datetime.date(2023, 9, 8))",27.690000534057617,27.860000610351562,27.43000030517578,27.700000762939453,4111700,27.529712677001953,0.0
TOTS3,"('TOTS3.SA', datetime.date(2023, 9, 11))",27.770000457763672,28.190000534057617,27.530000686645508,28.030000686645508,10174700,27.857685089111328,0.0
TOTS3,"('TOTS3.SA', datetime.date(2023, 9, 12))",28.030000686645508,28.700000762939453,27.969999313354492,28.6200008392334,2581700,28.44405746459961,0.0
TOTS3,"('TOTS3.SA', datetime.date(2023, 9, 13))",28.520000457763672,29.25,28.43000030517578,28.700000762939453,8856300,28.5235652923584,0.0
TOTS3,"('TOTS3.SA', datetime.date(2023, 9, 14))",28.690000534057617,29.209999084472656,28.690000534057617,29.059999465942383,5292100,28.881351470947266,0.0
TOTS3,"('TOTS3.SA', datetime.date(2023, 9, 15))",29.219999313354492,29.700000762939453,29.170000076293945,29.5,6460600,29.318647384643555,0.0
TOTS3,"('TOTS3.SA', datetime.date(2023, 9, 18))",29.479999542236328,29.549999237060547,28.290000915527344,28.290000915527344,3485500,28.116086959838867,0.0
TOTS3,"('TOTS3.SA', datetime.date(2023, 9, 19))",28.209999084472656,28.440000534057617,26.809999465942383,26.899999618530273,11595400,26.734630584716797,0.0
TOTS3,"('TOTS3.SA', datetime.date(2023, 9, 20))",26.969999313354492,27.719999313354492,26.739999771118164,27.010000228881836,6217200,26.84395408630371,0.0
TOTS3,"('TOTS3.SA', datetime.date(2023, 9, 21))",26.639999389648438,26.829999923706055,26.329999923706055,26.34000015258789,4832900,26.17807388305664,0.0
TOTS3,"('TOTS3.SA', datetime.date(2023, 9, 22))",26.540000915527344,26.649999618530273,26.350000381469727,26.420000076293945,2757300,26.25758171081543,0.0
TOTS3,"('TOTS3.SA', datetime.date(2023, 9, 25))",26.450000762939453,27.0,26.40999984741211,26.940000534057617,3293000,26.774385452270508,0.0
TOTS3,"('TOTS3.SA', datetime.date(2023, 9, 26))",26.81999969482422,27.040000915527344,26.260000228881836,26.40999984741211,3629300,26.247642517089844,0.0
TOTS3,"('TOTS3.SA', datetime.date(2023, 9, 27))",26.450000762939453,26.6299991607666,26.25,26.450000762939453,4790500,26.287397384643555,0.0
TOTS3,"('TOTS3.SA', datetime.date(2023, 9, 28))",26.450000762939453,26.770000457763672,26.1299991607666,26.75,3050900,26.585552215576172,0.0
TOTS3,"('TOTS3.SA', datetime.date(2023, 9, 29))",26.90999984741211,27.389999389648438,26.799999237060547,27.0,4040400,26.834014892578125,0.0
TOTS3,"('TOTS3.SA', datetime.date(2023, 10, 2))",27.040000915527344,27.34000015258789,26.84000015258789,27.190000534057617,2873700,27.02284812927246,0.0
TOTS3,"('TOTS3.SA', datetime.date(2023, 10, 3))",27.059999465942383,27.170000076293945,26.25,26.260000228881836,2365800,26.09856605529785,0.0
TOTS3,"('TOTS3.SA', datetime.date(2023, 10, 4))",26.190000534057617,26.920000076293945,26.020000457763672,26.799999237060547,2778500,26.635244369506836,0.0
TOTS3,"('TOTS3.SA', datetime.date(2023, 10, 5))",26.6299991607666,26.93000030517578,26.350000381469727,26.639999389648438,1975900,26.476228713989258,0.0
TOTS3,"('TOTS3.SA', datetime.date(2023, 10, 6))",26.270000457763672,26.639999389648438,26.010000228881836,26.510000228881836,1977300,26.347028732299805,0.0
TOTS3,"('TOTS3.SA', datetime.date(2023, 10, 9))",26.219999313354492,27.15999984741211,26.219999313354492,27.0,3353000,26.834014892578125,0.0
TOTS3,"('TOTS3.SA', datetime.date(2023, 10, 10))",27.06999969482422,27.65999984741211,27.06999969482422,27.5,1955200,27.330942153930664,0.0
TOTS3,"('TOTS3.SA', datetime.date(2023, 10, 11))",27.559999465942383,27.8700008392334,27.260000228881836,27.479999542236328,2566500,27.311063766479492,0.0
TOTS3,"('TOTS3.SA', datetime.date(2023, 10, 13))",27.350000381469727,27.520000457763672,26.600000381469727,26.760000228881836,3229100,26.595491409301758,0.0
TOTS3,"('TOTS3.SA', datetime.date(2023, 10, 16))",27.0,27.229999542236328,26.56999969482422,26.8799991607666,2934100,26.714752197265625,0.0
TOTS3,"('TOTS3.SA', datetime.date(2023, 10, 17))",26.68000030517578,27.219999313354492,26.549999237060547,26.719999313354492,4690400,26.555736541748047,0.0
TOTS3,"('TOTS3.SA', datetime.date(2023, 10, 18))",26.530000686645508,26.600000381469727,26.0,26.059999465942383,3469400,25.89979362487793,0.0
TOTS3,"('TOTS3.SA', datetime.date(2023, 10, 19))",26.059999465942383,26.299999237060547,25.799999237060547,26.139999389648438,3009000,25.97930145263672,0.0
TOTS3,"('TOTS3.SA', datetime.date(2023, 10, 20))",25.75,26.25,25.709999084472656,25.729999542236328,2679100,25.571823120117188,0.0
TOTS3,"('TOTS3.SA', datetime.date(2023, 10, 23))",25.649999618530273,26.040000915527344,25.56999969482422,25.75,2903300,25.591699600219727,0.0
TOTS3,"('TOTS3.SA', datetime.date(2023, 10, 24))",25.950000762939453,26.059999465942383,25.540000915527344,25.600000381469727,3735600,25.442623138427734,0.0
TOTS3,"('TOTS3.SA', datetime.date(2023, 10, 25))",25.649999618530273,25.780000686645508,25.229999542236328,25.5,3956600,25.343236923217773,0.0
TOTS3,"('TOTS3.SA', datetime.date(2023, 10, 26))",25.68000030517578,26.530000686645508,25.6200008392334,26.399999618530273,3587800,26.237703323364258,0.0
TOTS3,"('TOTS3.SA', datetime.date(2023, 10, 27))",26.25,26.829999923706055,25.559999465942383,25.559999465942383,3071100,25.402868270874023,0.0
TOTS3,"('TOTS3.SA', datetime.date(2023, 10, 30))",25.690000534057617,25.719999313354492,24.93000030517578,25.110000610351562,2348500,24.95563507080078,0.0
TOTS3,"('TOTS3.SA', datetime.date(2023, 10, 31))",25.290000915527344,25.600000381469727,25.190000534057617,25.309999465942383,3310600,25.154403686523438,0.0
TOTS3,"('TOTS3.SA', datetime.date(2023, 11, 1))",25.510000228881836,26.329999923706055,25.31999969482422,26.260000228881836,3499200,26.09856605529785,0.0
TOTS3,"('TOTS3.SA', datetime.date(2023, 11, 3))",26.579999923706055,27.799999237060547,26.399999618530273,27.709999084472656,4218100,27.539649963378906,0.0
TOTS3,"('TOTS3.SA', datetime.date(2023, 11, 6))",27.700000762939453,27.81999969482422,27.200000762939453,27.700000762939453,2072300,27.529712677001953,0.0
TOTS3,"('TOTS3.SA', datetime.date(2023, 11, 7))",27.690000534057617,28.959999084472656,27.549999237060547,28.690000534057617,6276800,28.513626098632812,0.0
TOTS3,"('TOTS3.SA', datetime.date(2023, 11, 8))",29.690000534057617,30.899999618530273,29.270000457763672,30.309999465942383,16516800,30.123666763305664,0.0
TOTS3,"('TOTS3.SA', datetime.date(2023, 11, 9))",30.299999237060547,31.040000915527344,30.190000534057617,30.979999542236328,4391300,30.789548873901367,0.0
TOTS3,"('TOTS3.SA', datetime.date(2023, 11, 10))",30.700000762939453,31.940000534057617,30.5,31.799999237060547,4915800,31.604507446289062,0.0
TOTS3,"('TOTS3.SA', datetime.date(2023, 11, 13))",31.700000762939453,33.06999969482422,31.700000762939453,32.70000076293945,10915900,32.49897384643555,0.0
TOTS3,"('TOTS3.SA', datetime.date(2023, 11, 14))",32.91999816894531,33.650001525878906,32.45000076293945,32.630001068115234,8398300,32.429405212402344,0.0
TOTS3,"('TOTS3.SA', datetime.date(2023, 11, 16))",32.630001068115234,33.560001373291016,32.20000076293945,33.43000030517578,9614700,33.2244873046875,0.0
TOTS3,"('TOTS3.SA', datetime.date(2023, 11, 17))",33.650001525878906,33.97999954223633,32.439998626708984,32.529998779296875,8597000,32.33001708984375,0.0
TOTS3,"('TOTS3.SA', datetime.date(2023, 11, 20))",32.63999938964844,33.029998779296875,32.09000015258789,33.029998779296875,5620700,32.82694625854492,0.0
TOTS3,"('TOTS3.SA', datetime.date(2023, 11, 21))",32.81999969482422,32.9900016784668,32.0,32.9900016784668,7733200,32.787193298339844,0.0
TOTS3,"('TOTS3.SA', datetime.date(2023, 11, 22))",32.970001220703125,33.95000076293945,32.869998931884766,33.40999984741211,6708200,33.20460891723633,0.0
TOTS3,"('TOTS3.SA', datetime.date(2023, 11, 23))",33.40999984741211,33.40999984741211,32.88999938964844,33.0,2440500,32.7971305847168,0.0
TOTS3,"('TOTS3.SA', datetime.date(2023, 11, 24))",33.0,33.0,32.18000030517578,32.33000183105469,3115800,32.13125228881836,0.0
TOTS3,"('TOTS3.SA', datetime.date(2023, 11, 27))",32.56999969482422,33.220001220703125,32.209999084472656,33.09000015258789,3138300,32.88657760620117,0.0
TOTS3,"('TOTS3.SA', datetime.date(2023, 11, 28))",33.150001525878906,34.09000015258789,33.04999923706055,33.560001373291016,2727600,33.35368728637695,0.0
TOTS3,"('TOTS3.SA', datetime.date(2023, 11, 29))",33.5099983215332,33.970001220703125,33.380001068115234,33.47999954223633,3491300,33.27417755126953,0.0
TOTS3,"('TOTS3.SA', datetime.date(2023, 11, 30))",33.459999084472656,33.66999816894531,33.0,33.310001373291016,6671700,33.105224609375,0.0
TOTS3,"('TOTS3.SA', datetime.date(2023, 12, 1))",33.380001068115234,33.93000030517578,33.0,33.84000015258789,4222700,33.63196563720703,0.0
TOTS3,"('TOTS3.SA', datetime.date(2023, 12, 4))",33.779998779296875,34.279998779296875,33.70000076293945,34.15999984741211,3092800,33.95000076293945,0.0
TOTS3,"('TOTS3.SA', datetime.date(2023, 12, 5))",34.08000183105469,34.65999984741211,33.939998626708984,34.220001220703125,3327900,34.220001220703125,0.21
TOTS3,"('TOTS3.SA', datetime.date(2023, 12, 6))",34.38999938964844,34.619998931884766,34.29999923706055,34.43000030517578,1934100,34.43000030517578,0.0
TOTS3,"('TOTS3.SA', datetime.date(2023, 12, 7))",34.66999816894531,34.70000076293945,34.2400016784668,34.599998474121094,1771000,34.599998474121094,0.0
TOTS3,"('TOTS3.SA', datetime.date(2023, 12, 8))",34.75,34.880001068115234,33.97999954223633,34.36000061035156,3756400,34.36000061035156,0.0
TOTS3,"('TOTS3.SA', datetime.date(2023, 12, 11))",34.02000045776367,34.56999969482422,33.66999816894531,33.7400016784668,3949200,33.7400016784668,0.0
TOTS3,"('TOTS3.SA', datetime.date(2023, 12, 12))",33.959999084472656,34.099998474121094,32.439998626708984,32.54999923706055,8252900,32.54999923706055,0.0
TOTS3,"('TOTS3.SA', datetime.date(2023, 12, 13))",32.5,34.13999938964844,32.349998474121094,33.95000076293945,5120500,33.95000076293945,0.0
TOTS3,"('TOTS3.SA', datetime.date(2023, 12, 14))",34.29999923706055,34.54999923706055,33.470001220703125,34.189998626708984,4693900,34.189998626708984,0.0
TOTS3,"('TOTS3.SA', datetime.date(2023, 12, 15))",34.189998626708984,34.75,33.400001525878906,33.91999816894531,3942100,33.91999816894531,0.0
TOTS3,"('TOTS3.SA', datetime.date(2023, 12, 18))",33.88999938964844,34.08000183105469,33.5,33.7400016784668,3099500,33.7400016784668,0.0
TOTS3,"('TOTS3.SA', datetime.date(2023, 12, 19))",33.63999938964844,34.45000076293945,33.63999938964844,34.45000076293945,2109300,34.45000076293945,0.0
TOTS3,"('TOTS3.SA', datetime.date(2023, 12, 20))",34.209999084472656,34.209999084472656,32.54999923706055,33.060001373291016,5407400,33.060001373291016,0.0
TOTS3,"('TOTS3.SA', datetime.date(2023, 12, 21))",33.349998474121094,33.709999084472656,33.130001068115234,33.349998474121094,3251200,33.349998474121094,0.0
TOTS3,"('TOTS3.SA', datetime.date(2023, 12, 22))",33.59000015258789,33.650001525878906,32.779998779296875,32.849998474121094,2187000,32.849998474121094,0.0
TOTS3,"('TOTS3.SA', datetime.date(2023, 12, 26))",33.08000183105469,33.529998779296875,32.900001525878906,33.529998779296875,1542500,33.529998779296875,0.0
TOTS3,"('TOTS3.SA', datetime.date(2023, 12, 27))",33.349998474121094,33.97999954223633,33.20000076293945,33.97999954223633,1833100,33.97999954223633,0.0
TOTS3,"('TOTS3.SA', datetime.date(2023, 12, 28))",34.0,34.27000045776367,33.25,33.689998626708984,2839400,33.689998626708984,0.0
TOTS3,"('TOTS3.SA', datetime.date(2024, 1, 2))",33.130001068115234,33.38999938964844,32.5,33.0,2837100,33.0,0.0
TOTS3,"('TOTS3.SA', datetime.date(2024, 1, 3))",32.97999954223633,33.220001220703125,32.84000015258789,32.959999084472656,3030700,32.959999084472656,0.0
TOTS3,"('TOTS3.SA', datetime.date(2024, 1, 4))",32.939998626708984,32.939998626708984,31.90999984741211,32.099998474121094,3736300,32.099998474121094,0.0
TOTS3,"('TOTS3.SA', datetime.date(2024, 1, 5))",31.90999984741211,32.47999954223633,31.790000915527344,32.279998779296875,2165900,32.279998779296875,0.0
TOTS3,"('TOTS3.SA', datetime.date(2024, 1, 8))",32.279998779296875,32.720001220703125,31.940000534057617,32.4900016784668,2512800,32.4900016784668,0.0
TOTS3,"('TOTS3.SA', datetime.date(2024, 1, 9))",32.130001068115234,32.97999954223633,32.08000183105469,32.529998779296875,2537000,32.529998779296875,0.0
TOTS3,"('TOTS3.SA', datetime.date(2024, 1, 10))",32.619998931884766,32.70000076293945,32.27000045776367,32.439998626708984,1756900,32.439998626708984,0.0
TOTS3,"('TOTS3.SA', datetime.date(2024, 1, 11))",32.369998931884766,32.79999923706055,32.13999938964844,32.43000030517578,3116600,32.43000030517578,0.0
TOTS3,"('TOTS3.SA', datetime.date(2024, 1, 12))",32.25,32.959999084472656,32.02000045776367,32.75,2009100,32.75,0.0
TOTS3,"('TOTS3.SA', datetime.date(2024, 1, 15))",32.7400016784668,32.7400016784668,32.099998474121094,32.439998626708984,1117000,32.439998626708984,0.0
TOTS3,"('TOTS3.SA', datetime.date(2024, 1, 16))",32.06999969482422,32.38999938964844,31.739999771118164,32.220001220703125,3017200,32.220001220703125,0.0
TOTS3,"('TOTS3.SA', datetime.date(2024, 1, 17))",32.09000015258789,32.45000076293945,31.920000076293945,32.27000045776367,2378400,32.27000045776367,0.0
TOTS3,"('TOTS3.SA', datetime.date(2024, 1, 18))",32.31999969482422,32.349998474121094,31.40999984741211,31.40999984741211,2211200,31.40999984741211,0.0
TOTS3,"('TOTS3.SA', datetime.date(2024, 1, 19))",31.3700008392334,31.829999923706055,30.989999771118164,31.719999313354492,3164000,31.719999313354492,0.0
TOTS3,"('TOTS3.SA', datetime.date(2024, 1, 22))",31.700000762939453,31.729999542236328,30.25,30.40999984741211,4855100,30.40999984741211,0.0
TOTS3,"('TOTS3.SA', datetime.date(2024, 1, 23))",30.420000076293945,30.959999084472656,30.239999771118164,30.959999084472656,3308700,30.959999084472656,0.0
TOTS3,"('TOTS3.SA', datetime.date(2024, 1, 24))",31.309999465942383,31.68000030517578,30.860000610351562,30.90999984741211,3813800,30.90999984741211,0.0
TOTS3,"('TOTS3.SA', datetime.date(2024, 1, 25))",30.899999618530273,31.190000534057617,30.6299991607666,30.899999618530273,1434500,30.899999618530273,0.0
TOTS3,"('TOTS3.SA', datetime.date(2024, 1, 26))",31.1299991607666,31.34000015258789,30.649999618530273,30.8799991607666,1378000,30.8799991607666,0.0
TOTS3,"('TOTS3.SA', datetime.date(2024, 1, 29))",30.809999465942383,31.59000015258789,30.709999084472656,31.43000030517578,2758800,31.43000030517578,0.0
TOTS3,"('TOTS3.SA', datetime.date(2024, 1, 30))",31.260000228881836,31.549999237060547,30.969999313354492,31.18000030517578,1959800,31.18000030517578,0.0
TOTS3,"('TOTS3.SA', datetime.date(2024, 1, 31))",31.31999969482422,32.15999984741211,31.1200008392334,31.520000457763672,3297400,31.520000457763672,0.0
TOTS3,"('TOTS3.SA', datetime.date(2024, 2, 1))",31.5,32.02000045776367,31.15999984741211,32.02000045776367,2890300,32.02000045776367,0.0
TOTS3,"('TOTS3.SA', datetime.date(2024, 2, 2))",32.130001068115234,32.33000183105469,31.350000381469727,31.68000030517578,2723000,31.68000030517578,0.0
TOTS3,"('TOTS3.SA', datetime.date(2024, 2, 5))",31.579999923706055,31.959999084472656,31.5,31.790000915527344,2281100,31.790000915527344,0.0
TOTS3,"('TOTS3.SA', datetime.date(2024, 2, 6))",31.790000915527344,32.560001373291016,31.649999618530273,32.349998474121094,1640900,32.349998474121094,0.0
TOTS3,"('TOTS3.SA', datetime.date(2024, 2, 7))",32.08000183105469,33.040000915527344,32.0,32.849998474121094,3449600,32.849998474121094,0.0
TOTS3,"('TOTS3.SA', datetime.date(2024, 2, 8))",30.0,30.969999313354492,29.329999923706055,29.639999389648438,18285400,29.639999389648438,0.0
TOTS3,"('TOTS3.SA', datetime.date(2024, 2, 9))",29.56999969482422,30.84000015258789,29.25,30.6200008392334,6941000,30.6200008392334,0.0
TOTS3,"('TOTS3.SA', datetime.date(2024, 2, 14))",30.280000686645508,30.610000610351562,29.860000610351562,29.989999771118164,6295600,29.989999771118164,0.0
TOTS3,"('TOTS3.SA', datetime.date(2024, 2, 15))",30.290000915527344,30.780000686645508,29.920000076293945,30.639999389648438,4483100,30.639999389648438,0.0
TOTS3,"('TOTS3.SA', datetime.date(2024, 2, 16))",30.780000686645508,31.0,30.31999969482422,30.84000015258789,4937200,30.84000015258789,0.0
TOTS3,"('TOTS3.SA', datetime.date(2024, 2, 19))",30.6200008392334,30.93000030517578,30.329999923706055,30.8700008392334,2262100,30.8700008392334,0.0
TOTS3,"('TOTS3.SA', datetime.date(2024, 2, 20))",30.5,31.09000015258789,30.299999237060547,31.049999237060547,6852300,31.049999237060547,0.0
TOTS3,"('TOTS3.SA', datetime.date(2024, 2, 21))",30.950000762939453,31.170000076293945,30.639999389648438,31.049999237060547,3345100,31.049999237060547,0.0
TOTS3,"('TOTS3.SA', datetime.date(2024, 2, 22))",31.329999923706055,31.899999618530273,31.010000228881836,31.780000686645508,5913300,31.780000686645508,0.0
TOTS3,"('TOTS3.SA', datetime.date(2024, 2, 23))",31.989999771118164,32.369998931884766,31.469999313354492,31.530000686645508,3076400,31.530000686645508,0.0
TOTS3,"('TOTS3.SA', datetime.date(2024, 2, 26))",31.530000686645508,31.979999542236328,31.469999313354492,31.520000457763672,2013400,31.520000457763672,0.0
TOTS3,"('TOTS3.SA', datetime.date(2024, 2, 27))",31.719999313354492,31.860000610351562,31.15999984741211,31.260000228881836,3407100,31.260000228881836,0.0
TOTS3,"('TOTS3.SA', datetime.date(2024, 2, 28))",31.0,31.15999984741211,30.56999969482422,30.84000015258789,2046000,30.84000015258789,0.0
TOTS3,"('TOTS3.SA', datetime.date(2024, 2, 29))",30.729999542236328,31.280000686645508,30.440000534057617,30.690000534057617,7009900,30.690000534057617,0.0
TOTS3,"('TOTS3.SA', datetime.date(2024, 3, 1))",30.829999923706055,31.309999465942383,30.829999923706055,31.15999984741211,4182000,31.15999984741211,0.0
TOTS3,"('TOTS3.SA', datetime.date(2024, 3, 4))",31.15999984741211,31.3700008392334,30.760000228881836,30.760000228881836,3044600,30.760000228881836,0.0
TOTS3,"('TOTS3.SA', datetime.date(2024, 3, 5))",30.739999771118164,31.079999923706055,30.350000381469727,30.440000534057617,2535500,30.440000534057617,0.0
TOTS3,"('TOTS3.SA', datetime.date(2024, 3, 6))",30.59000015258789,31.350000381469727,30.350000381469727,31.200000762939453,4797100,31.200000762939453,0.0
TOTS3,"('TOTS3.SA', datetime.date(2024, 3, 7))",31.079999923706055,31.229999542236328,29.530000686645508,30.079999923706055,6562300,30.079999923706055,0.0
TOTS3,"('TOTS3.SA', datetime.date(2024, 3, 8))",29.790000915527344,30.3700008392334,29.770000457763672,30.1299991607666,2502200,30.1299991607666,0.0
TOTS3,"('TOTS3.SA', datetime.date(2024, 3, 11))",29.809999465942383,30.270000457763672,29.809999465942383,30.209999084472656,3491100,30.209999084472656,0.0
TOTS3,"('TOTS3.SA', datetime.date(2024, 3, 12))",30.329999923706055,31.450000762939453,30.110000610351562,31.209999084472656,3167500,31.209999084472656,0.0
TOTS3,"('TOTS3.SA', datetime.date(2024, 3, 13))",31.209999084472656,31.549999237060547,30.989999771118164,31.200000762939453,2012500,31.200000762939453,0.0
TOTS3,"('TOTS3.SA', datetime.date(2024, 3, 14))",31.09000015258789,31.479999542236328,30.799999237060547,31.0,5137100,31.0,0.0
TOTS3,"('TOTS3.SA', datetime.date(2024, 3, 15))",31.25,31.270000457763672,30.969999313354492,30.989999771118164,4284200,30.989999771118164,0.0
BPAC11,"('BPAC11.SA', datetime.date(2023, 6, 1))",26.399999618530273,27.459999084472656,26.280000686645508,27.280000686645508,13597100,26.661155700683594,0.0
BPAC11,"('BPAC11.SA', datetime.date(2023, 6, 2))",27.979999542236328,28.43000030517578,27.809999465942383,28.200000762939453,18090400,27.560285568237305,0.0
BPAC11,"('BPAC11.SA', datetime.date(2023, 6, 5))",28.209999084472656,28.5,27.75,28.3799991607666,9716600,27.73619842529297,0.0
BPAC11,"('BPAC11.SA', datetime.date(2023, 6, 6))",28.469999313354492,28.719999313354492,28.190000534057617,28.5,10967000,27.853477478027344,0.0
BPAC11,"('BPAC11.SA', datetime.date(2023, 6, 7))",28.790000915527344,29.299999237060547,28.6200008392334,29.209999084472656,17910400,28.5473690032959,0.0
BPAC11,"('BPAC11.SA', datetime.date(2023, 6, 9))",29.200000762939453,29.639999389648438,28.940000534057617,29.09000015258789,16528800,28.430095672607422,0.0
BPAC11,"('BPAC11.SA', datetime.date(2023, 6, 12))",29.040000915527344,29.559999465942383,29.040000915527344,29.399999618530273,9394900,28.733060836791992,0.0
BPAC11,"('BPAC11.SA', datetime.date(2023, 6, 13))",29.440000534057617,29.440000534057617,28.540000915527344,28.75,11395400,28.097806930541992,0.0
BPAC11,"('BPAC11.SA', datetime.date(2023, 6, 14))",28.899999618530273,29.1299991607666,28.15999984741211,28.850000381469727,16521200,28.195539474487305,0.0
BPAC11,"('BPAC11.SA', datetime.date(2023, 6, 15))",28.799999237060547,29.31999969482422,28.719999313354492,29.0,6500600,28.34213638305664,0.0
BPAC11,"('BPAC11.SA', datetime.date(2023, 6, 16))",28.81999969482422,29.81999969482422,28.690000534057617,29.670000076293945,10468900,28.996936798095703,0.0
BPAC11,"('BPAC11.SA', datetime.date(2023, 6, 19))",29.899999618530273,30.06999969482422,29.559999465942383,29.920000076293945,5868900,29.24126625061035,0.0
BPAC11,"('BPAC11.SA', datetime.date(2023, 6, 20))",30.350000381469727,30.809999465942383,30.190000534057617,30.65999984741211,15928800,29.9644775390625,0.0
BPAC11,"('BPAC11.SA', datetime.date(2023, 6, 21))",30.670000076293945,31.149999618530273,30.389999389648438,31.030000686645508,13688200,30.326086044311523,0.0
BPAC11,"('BPAC11.SA', datetime.date(2023, 6, 22))",30.799999237060547,30.950000762939453,29.649999618530273,30.18000030517578,12622400,29.4953670501709,0.0
BPAC11,"('BPAC11.SA', datetime.date(2023, 6, 23))",30.25,30.5,29.84000015258789,30.329999923706055,6838600,29.641963958740234,0.0
BPAC11,"('BPAC11.SA', datetime.date(2023, 6, 26))",30.440000534057617,30.75,29.649999618530273,30.09000015258789,6572900,29.407407760620117,0.0
BPAC11,"('BPAC11.SA', datetime.date(2023, 6, 27))",30.299999237060547,30.530000686645508,29.31999969482422,29.899999618530273,8378300,29.22171974182129,0.0
BPAC11,"('BPAC11.SA', datetime.date(2023, 6, 28))",29.670000076293945,30.389999389648438,29.469999313354492,30.0,10744000,29.31945037841797,0.0
BPAC11,"('BPAC11.SA', datetime.date(2023, 6, 29))",30.0,31.1200008392334,29.829999923706055,30.950000762939453,8862100,30.247900009155273,0.0
BPAC11,"('BPAC11.SA', datetime.date(2023, 6, 30))",31.1299991607666,32.04999923706055,30.899999618530273,31.450000762939453,14272000,30.73655891418457,0.0
BPAC11,"('BPAC11.SA', datetime.date(2023, 7, 3))",31.59000015258789,32.540000915527344,31.579999923706055,32.369998931884766,16465600,31.63568687438965,0.0
BPAC11,"('BPAC11.SA', datetime.date(2023, 7, 4))",32.150001525878906,32.33000183105469,31.8799991607666,32.310001373291016,3154700,31.577051162719727,0.0
BPAC11,"('BPAC11.SA', datetime.date(2023, 7, 5))",31.93000030517578,32.86000061035156,31.920000076293945,32.119998931884766,7482500,31.391355514526367,0.0
BPAC11,"('BPAC11.SA', datetime.date(2023, 7, 6))",31.690000534057617,32.0,30.829999923706055,30.850000381469727,10216700,30.150169372558594,0.0
BPAC11,"('BPAC11.SA', datetime.date(2023, 7, 7))",31.010000228881836,32.52000045776367,30.90999984741211,32.209999084472656,11175300,31.47931671142578,0.0
BPAC11,"('BPAC11.SA', datetime.date(2023, 7, 10))",32.150001525878906,32.34000015258789,31.520000457763672,31.600000381469727,7610400,30.883155822753906,0.0
BPAC11,"('BPAC11.SA', datetime.date(2023, 7, 11))",31.600000381469727,31.700000762939453,30.600000381469727,31.43000030517578,9762000,30.717012405395508,0.0
BPAC11,"('BPAC11.SA', datetime.date(2023, 7, 12))",31.530000686645508,32.09000015258789,31.219999313354492,31.600000381469727,6419900,30.883155822753906,0.0
BPAC11,"('BPAC11.SA', datetime.date(2023, 7, 13))",31.600000381469727,32.5099983215332,31.600000381469727,32.5,8218400,31.762739181518555,0.0
BPAC11,"('BPAC11.SA', datetime.date(2023, 7, 14))",31.969999313354492,32.470001220703125,31.719999313354492,31.920000076293945,9038900,31.195894241333008,0.0
BPAC11,"('BPAC11.SA', datetime.date(2023, 7, 17))",31.799999237060547,32.91999816894531,31.639999389648438,32.91999816894531,7275400,32.17321014404297,0.0
BPAC11,"('BPAC11.SA', datetime.date(2023, 7, 18))",32.91999816894531,33.459999084472656,32.65999984741211,33.27000045776367,6630700,32.5152702331543,0.0
BPAC11,"('BPAC11.SA', datetime.date(2023, 7, 19))",33.29999923706055,33.29999923706055,32.56999969482422,32.88999938964844,8351100,32.14389419555664,0.0
BPAC11,"('BPAC11.SA', datetime.date(2023, 7, 20))",33.189998626708984,33.369998931884766,32.689998626708984,33.31999969482422,7175600,32.56413650512695,0.0
BPAC11,"('BPAC11.SA', datetime.date(2023, 7, 21))",33.47999954223633,34.47999954223633,33.380001068115234,34.08000183105469,8615200,33.3068962097168,0.0
BPAC11,"('BPAC11.SA', datetime.date(2023, 7, 24))",33.83000183105469,34.099998474121094,33.349998474121094,33.70000076293945,7437300,32.93552017211914,0.0
BPAC11,"('BPAC11.SA', datetime.date(2023, 7, 25))",34.0,34.369998931884766,33.349998474121094,33.560001373291016,9818100,32.7986946105957,0.0
BPAC11,"('BPAC11.SA', datetime.date(2023, 7, 26))",33.61000061035156,33.959999084472656,33.20000076293945,33.83000183105469,5849000,33.06256866455078,0.0
BPAC11,"('BPAC11.SA', datetime.date(2023, 7, 27))",33.810001373291016,34.31999969482422,33.41999816894531,33.54999923706055,7235900,32.788917541503906,0.0
BPAC11,"('BPAC11.SA', datetime.date(2023, 7, 28))",33.72999954223633,33.9900016784668,33.29999923706055,33.84000015258789,3876500,33.07234191894531,0.0
BPAC11,"('BPAC11.SA', datetime.date(2023, 7, 31))",33.75,34.15999984741211,33.650001525878906,34.0099983215332,6635800,33.23847961425781,0.0
BPAC11,"('BPAC11.SA', datetime.date(2023, 8, 1))",33.779998779296875,33.95000076293945,33.150001525878906,33.79999923706055,6144300,33.03324890136719,0.0
BPAC11,"('BPAC11.SA', datetime.date(2023, 8, 2))",33.5,33.689998626708984,32.650001525878906,33.209999084472656,8727600,32.456626892089844,0.0
BPAC11,"('BPAC11.SA', datetime.date(2023, 8, 3))",33.52000045776367,34.22999954223633,33.11000061035156,33.38999938964844,9324000,32.63254928588867,0.0
BPAC11,"('BPAC11.SA', datetime.date(2023, 8, 4))",33.20000076293945,33.720001220703125,32.83000183105469,32.95000076293945,6595500,32.20253372192383,0.0
BPAC11,"('BPAC11.SA', datetime.date(2023, 8, 7))",32.650001525878906,33.16999816894531,32.5099983215332,33.0099983215332,7606200,32.6590690612793,0.401443
BPAC11,"('BPAC11.SA', datetime.date(2023, 8, 8))",32.0099983215332,33.2400016784668,31.299999237060547,33.0,9122700,32.649173736572266,0.0
BPAC11,"('BPAC11.SA', datetime.date(2023, 8, 9))",33.220001220703125,33.31999969482422,32.22999954223633,32.91999816894531,16620400,32.57002639770508,0.0
BPAC11,"('BPAC11.SA', datetime.date(2023, 8, 10))",33.0099983215332,33.58000183105469,32.599998474121094,32.849998474121094,11736100,32.50076675415039,0.0
BPAC11,"('BPAC11.SA', datetime.date(2023, 8, 11))",32.849998474121094,32.900001525878906,32.099998474121094,32.279998779296875,8236900,31.936826705932617,0.0
BPAC11,"('BPAC11.SA', datetime.date(2023, 8, 14))",32.59000015258789,32.650001525878906,31.760000228881836,32.63999938964844,20857500,32.292999267578125,0.0
BPAC11,"('BPAC11.SA', datetime.date(2023, 8, 15))",32.81999969482422,32.81999969482422,31.65999984741211,31.790000915527344,7434400,31.45203971862793,0.0
BPAC11,"('BPAC11.SA', datetime.date(2023, 8, 16))",31.969999313354492,32.33000183105469,30.93000030517578,31.09000015258789,10794800,30.75948143005371,0.0
BPAC11,"('BPAC11.SA', datetime.date(2023, 8, 17))",31.299999237060547,31.31999969482422,30.030000686645508,30.25,11909800,29.928409576416016,0.0
BPAC11,"('BPAC11.SA', datetime.date(2023, 8, 18))",29.940000534057617,30.920000076293945,29.81999969482422,30.700000762939453,8702300,30.373626708984375,0.0
BPAC11,"('BPAC11.SA', datetime.date(2023, 8, 21))",30.450000762939453,30.969999313354492,30.209999084472656,30.450000762939453,7582900,30.126285552978516,0.0
BPAC11,"('BPAC11.SA', datetime.date(2023, 8, 22))",30.8700008392334,31.530000686645508,30.799999237060547,31.479999542236328,11121400,31.145334243774414,0.0
BPAC11,"('BPAC11.SA', datetime.date(2023, 8, 23))",31.600000381469727,32.869998931884766,31.459999084472656,32.66999816894531,10987400,32.32268142700195,0.0
BPAC11,"('BPAC11.SA', datetime.date(2023, 8, 24))",32.65999984741211,33.040000915527344,32.43000030517578,32.61000061035156,12405700,32.26332092285156,0.0
BPAC11,"('BPAC11.SA', datetime.date(2023, 8, 25))",32.709999084472656,32.7599983215332,31.56999969482422,32.20000076293945,7944100,31.85767936706543,0.0
BPAC11,"('BPAC11.SA', datetime.date(2023, 8, 28))",32.470001220703125,32.83000183105469,31.979999542236328,32.45000076293945,5801500,32.10502243041992,0.0
BPAC11,"('BPAC11.SA', datetime.date(2023, 8, 29))",32.77000045776367,33.20000076293945,32.400001525878906,33.13999938964844,5775400,32.787689208984375,0.0
BPAC11,"('BPAC11.SA', datetime.date(2023, 8, 30))",33.2599983215332,33.459999084472656,32.66999816894531,32.86000061035156,4952600,32.51066207885742,0.0
BPAC11,"('BPAC11.SA', datetime.date(2023, 8, 31))",32.689998626708984,32.849998474121094,32.040000915527344,32.470001220703125,6583900,32.12480926513672,0.0
BPAC11,"('BPAC11.SA', datetime.date(2023, 9, 1))",32.4900016784668,33.119998931884766,32.25,32.29999923706055,9738300,31.956615447998047,0.0
BPAC11,"('BPAC11.SA', datetime.date(2023, 9, 4))",32.18000030517578,32.599998474121094,31.559999465942383,31.770000457763672,5225800,31.4322509765625,0.0
BPAC11,"('BPAC11.SA', datetime.date(2023, 9, 5))",31.489999771118164,31.989999771118164,31.110000610351562,31.459999084472656,9013000,31.125545501708984,0.0
BPAC11,"('BPAC11.SA', datetime.date(2023, 9, 6))",31.469999313354492,31.690000534057617,30.709999084472656,30.959999084472656,5649300,30.630861282348633,0.0
BPAC11,"('BPAC11.SA', datetime.date(2023, 9, 8))",30.8700008392334,31.079999923706055,30.530000686645508,30.65999984741211,5922100,30.33405113220215,0.0
BPAC11,"('BPAC11.SA', datetime.date(2023, 9, 11))",30.940000534057617,31.1299991607666,30.420000076293945,30.979999542236328,5891500,30.650650024414062,0.0
BPAC11,"('BPAC11.SA', datetime.date(2023, 9, 12))",31.040000915527344,31.84000015258789,30.979999542236328,31.649999618530273,5964000,31.313526153564453,0.0
BPAC11,"('BPAC11.SA', datetime.date(2023, 9, 13))",31.649999618530273,33.15999984741211,31.600000381469727,32.84000015258789,17339400,32.49087905883789,0.0
BPAC11,"('BPAC11.SA', datetime.date(2023, 9, 14))",33.189998626708984,33.599998474121094,32.52000045776367,33.599998474121094,11796400,33.242794036865234,0.0
BPAC11,"('BPAC11.SA', datetime.date(2023, 9, 15))",33.54999923706055,33.58000183105469,32.7400016784668,32.79999923706055,6926700,32.451297760009766,0.0
BPAC11,"('BPAC11.SA', datetime.date(2023, 9, 18))",32.59000015258789,32.790000915527344,31.989999771118164,32.25,6203100,31.907148361206055,0.0
BPAC11,"('BPAC11.SA', datetime.date(2023, 9, 19))",32.099998474121094,32.38999938964844,31.260000228881836,31.399999618530273,9798400,31.06618309020996,0.0
BPAC11,"('BPAC11.SA', datetime.date(2023, 9, 20))",31.770000457763672,31.770000457763672,31.020000457763672,31.059999465942383,8871600,30.72979736328125,0.0
BPAC11,"('BPAC11.SA', datetime.date(2023, 9, 21))",30.34000015258789,31.010000228881836,30.010000228881836,30.829999923706055,14578100,30.50224494934082,0.0
BPAC11,"('BPAC11.SA', datetime.date(2023, 9, 22))",30.90999984741211,31.459999084472656,30.809999465942383,31.020000457763672,9928500,30.69022560119629,0.0
BPAC11,"('BPAC11.SA', datetime.date(2023, 9, 25))",30.969999313354492,31.059999465942383,30.540000915527344,30.899999618530273,7474800,30.571500778198242,0.0
BPAC11,"('BPAC11.SA', datetime.date(2023, 9, 26))",30.950000762939453,30.969999313354492,30.1299991607666,30.209999084472656,9418200,29.88883399963379,0.0
BPAC11,"('BPAC11.SA', datetime.date(2023, 9, 27))",30.280000686645508,30.649999618530273,29.18000030517578,29.889999389648438,17859200,29.572237014770508,0.0
BPAC11,"('BPAC11.SA', datetime.date(2023, 9, 28))",29.850000381469727,31.020000457763672,29.729999542236328,30.719999313354492,10471000,30.393413543701172,0.0
BPAC11,"('BPAC11.SA', datetime.date(2023, 9, 29))",31.059999465942383,31.280000686645508,30.739999771118164,31.06999969482422,6052800,30.73969268798828,0.0
BPAC11,"('BPAC11.SA', datetime.date(2023, 10, 2))",31.06999969482422,31.1200008392334,30.18000030517578,30.6299991607666,7559900,30.30436897277832,0.0
BPAC11,"('BPAC11.SA', datetime.date(2023, 10, 3))",30.290000915527344,30.649999618530273,29.940000534057617,30.079999923706055,7265500,29.760217666625977,0.0
BPAC11,"('BPAC11.SA', datetime.date(2023, 10, 4))",30.079999923706055,31.09000015258789,30.06999969482422,30.829999923706055,5995900,30.50224494934082,0.0
BPAC11,"('BPAC11.SA', datetime.date(2023, 10, 5))",30.700000762939453,31.100000381469727,30.420000076293945,30.809999465942383,4984900,30.48245620727539,0.0
BPAC11,"('BPAC11.SA', datetime.date(2023, 10, 6))",30.420000076293945,31.350000381469727,29.649999618530273,30.93000030517578,9595700,30.601181030273438,0.0
BPAC11,"('BPAC11.SA', datetime.date(2023, 10, 9))",30.860000610351562,31.0,30.25,30.690000534057617,8539400,30.363731384277344,0.0
BPAC11,"('BPAC11.SA', datetime.date(2023, 10, 10))",30.850000381469727,31.34000015258789,30.639999389648438,31.09000015258789,3879000,30.75948143005371,0.0
BPAC11,"('BPAC11.SA', datetime.date(2023, 10, 11))",31.5,31.899999618530273,31.149999618530273,31.889999389648438,10218700,31.550973892211914,0.0
BPAC11,"('BPAC11.SA', datetime.date(2023, 10, 13))",32.150001525878906,32.220001220703125,30.760000228881836,30.959999084472656,11020600,30.630861282348633,0.0
BPAC11,"('BPAC11.SA', datetime.date(2023, 10, 16))",31.110000610351562,31.290000915527344,30.829999923706055,30.829999923706055,4839000,30.50224494934082,0.0
BPAC11,"('BPAC11.SA', datetime.date(2023, 10, 17))",30.3700008392334,30.860000610351562,30.0,30.239999771118164,5848700,29.918516159057617,0.0
BPAC11,"('BPAC11.SA', datetime.date(2023, 10, 18))",29.90999984741211,30.18000030517578,29.190000534057617,29.3700008392334,12843700,29.05776596069336,0.0
BPAC11,"('BPAC11.SA', datetime.date(2023, 10, 19))",29.3799991607666,30.040000915527344,29.239999771118164,29.260000228881836,7102600,28.94893455505371,0.0
BPAC11,"('BPAC11.SA', datetime.date(2023, 10, 20))",29.010000228881836,29.6200008392334,28.8700008392334,29.229999542236328,6980700,28.919254302978516,0.0
BPAC11,"('BPAC11.SA', datetime.date(2023, 10, 23))",29.06999969482422,30.780000686645508,29.06999969482422,30.360000610351562,13685500,30.037240982055664,0.0
BPAC11,"('BPAC11.SA', datetime.date(2023, 10, 24))",30.469999313354492,31.239999771118164,30.40999984741211,30.860000610351562,8887100,30.53192710876465,0.0
BPAC11,"('BPAC11.SA', datetime.date(2023, 10, 25))",30.860000610351562,31.149999618530273,30.350000381469727,30.850000381469727,10728500,30.522031784057617,0.0
BPAC11,"('BPAC11.SA', datetime.date(2023, 10, 26))",31.110000610351562,31.360000610351562,30.3799991607666,31.1200008392334,8153500,30.789161682128906,0.0
BPAC11,"('BPAC11.SA', datetime.date(2023, 10, 27))",31.139999389648438,31.56999969482422,30.059999465942383,30.239999771118164,8219800,29.918516159057617,0.0
BPAC11,"('BPAC11.SA', datetime.date(2023, 10, 30))",30.600000381469727,30.6200008392334,29.329999923706055,29.559999465942383,8838000,29.245744705200195,0.0
BPAC11,"('BPAC11.SA', datetime.date(2023, 10, 31))",29.579999923706055,29.81999969482422,29.1200008392334,29.600000381469727,12005300,29.285320281982422,0.0
BPAC11,"('BPAC11.SA', datetime.date(2023, 11, 1))",29.84000015258789,30.0,29.450000762939453,29.540000915527344,10453900,29.22595977783203,0.0
BPAC11,"('BPAC11.SA', datetime.date(2023, 11, 3))",30.3799991607666,31.989999771118164,30.1299991607666,31.969999313354492,17882800,31.630125045776367,0.0
BPAC11,"('BPAC11.SA', datetime.date(2023, 11, 6))",32.029998779296875,32.43000030517578,31.5,32.209999084472656,5799000,31.867572784423828,0.0
BPAC11,"('BPAC11.SA', datetime.date(2023, 11, 7))",32.0,33.11000061035156,32.0,32.7599983215332,9338100,32.41172409057617,0.0
BPAC11,"('BPAC11.SA', datetime.date(2023, 11, 8))",33.060001373291016,33.810001373291016,32.630001068115234,33.59000015258789,13285300,33.23290252685547,0.0
BPAC11,"('BPAC11.SA', datetime.date(2023, 11, 9))",33.880001068115234,33.88999938964844,32.45000076293945,32.599998474121094,4110000,32.25342559814453,0.0
BPAC11,"('BPAC11.SA', datetime.date(2023, 11, 10))",32.70000076293945,34.040000915527344,32.65999984741211,34.0,8877100,33.63854217529297,0.0
BPAC11,"('BPAC11.SA', datetime.date(2023, 11, 13))",33.900001525878906,33.95000076293945,33.310001373291016,33.38999938964844,2646200,33.035030364990234,0.0
BPAC11,"('BPAC11.SA', datetime.date(2023, 11, 14))",33.79999923706055,34.709999084472656,33.439998626708984,34.119998931884766,7909100,33.757266998291016,0.0
BPAC11,"('BPAC11.SA', datetime.date(2023, 11, 16))",34.27000045776367,34.790000915527344,33.93000030517578,34.029998779296875,10477500,33.6682243347168,0.0
BPAC11,"('BPAC11.SA', datetime.date(2023, 11, 17))",34.130001068115234,34.2599983215332,33.279998779296875,33.36000061035156,5051100,33.005348205566406,0.0
BPAC11,"('BPAC11.SA', datetime.date(2023, 11, 20))",33.70000076293945,33.790000915527344,32.91999816894531,33.189998626708984,8669100,32.83715057373047,0.0
BPAC11,"('BPAC11.SA', datetime.date(2023, 11, 21))",32.810001373291016,32.9900016784668,32.34000015258789,32.650001525878906,7361900,32.30289840698242,0.0
BPAC11,"('BPAC11.SA', datetime.date(2023, 11, 22))",32.959999084472656,33.70000076293945,32.79999923706055,33.33000183105469,8059100,32.975669860839844,0.0
BPAC11,"('BPAC11.SA', datetime.date(2023, 11, 23))",33.54999923706055,34.029998779296875,33.040000915527344,33.70000076293945,6522000,33.341732025146484,0.0
BPAC11,"('BPAC11.SA', datetime.date(2023, 11, 24))",33.70000076293945,33.70000076293945,33.16999816894531,33.400001525878906,2675200,33.044921875,0.0
BPAC11,"('BPAC11.SA', datetime.date(2023, 11, 27))",33.70000076293945,34.0099983215332,33.09000015258789,33.849998474121094,6446000,33.490135192871094,0.0
BPAC11,"('BPAC11.SA', datetime.date(2023, 11, 28))",33.869998931884766,34.22999954223633,33.59000015258789,34.0,6410800,33.63854217529297,0.0
BPAC11,"('BPAC11.SA', datetime.date(2023, 11, 29))",34.099998474121094,34.70000076293945,33.93000030517578,34.70000076293945,9029400,34.33110046386719,0.0
BPAC11,"('BPAC11.SA', datetime.date(2023, 11, 30))",34.70000076293945,35.599998474121094,34.33000183105469,35.540000915527344,12374200,35.162174224853516,0.0
BPAC11,"('BPAC11.SA', datetime.date(2023, 12, 1))",35.439998626708984,35.52000045776367,34.59000015258789,35.220001220703125,12790100,34.84557342529297,0.0
BPAC11,"('BPAC11.SA', datetime.date(2023, 12, 4))",35.06999969482422,35.349998474121094,34.869998931884766,34.97999954223633,5576600,34.60812759399414,0.0
BPAC11,"('BPAC11.SA', datetime.date(2023, 12, 5))",34.91999816894531,35.08000183105469,34.529998779296875,34.79999923706055,4812000,34.6588134765625,0.230895
BPAC11,"('BPAC11.SA', datetime.date(2023, 12, 6))",34.9900016784668,35.06999969482422,34.040000915527344,34.27000045776367,5587000,34.13096618652344,0.0
BPAC11,"('BPAC11.SA', datetime.date(2023, 12, 7))",34.41999816894531,34.849998474121094,33.68000030517578,34.029998779296875,7984300,33.891937255859375,0.0
BPAC11,"('BPAC11.SA', datetime.date(2023, 12, 8))",34.20000076293945,34.619998931884766,33.90999984741211,34.369998931884766,5529600,34.23055648803711,0.0
BPAC11,"('BPAC11.SA', datetime.date(2023, 12, 11))",34.029998779296875,34.65999984741211,34.029998779296875,34.52000045776367,2798600,34.37995147705078,0.0
BPAC11,"('BPAC11.SA', datetime.date(2023, 12, 12))",34.68000030517578,34.72999954223633,34.099998474121094,34.36000061035156,3262800,34.22060012817383,0.0
BPAC11,"('BPAC11.SA', datetime.date(2023, 12, 13))",34.470001220703125,36.0,34.20000076293945,35.779998779296875,9669500,35.63483810424805,0.0
BPAC11,"('BPAC11.SA', datetime.date(2023, 12, 14))",36.0099983215332,37.119998931884766,35.84000015258789,36.84000015258789,11432800,36.6905403137207,0.0
BPAC11,"('BPAC11.SA', datetime.date(2023, 12, 15))",36.900001525878906,37.2400016784668,35.880001068115234,36.4900016784668,9322100,36.34196090698242,0.0
BPAC11,"('BPAC11.SA', datetime.date(2023, 12, 18))",36.849998474121094,37.16999816894531,36.45000076293945,37.0,6517200,36.84988784790039,0.0
BPAC11,"('BPAC11.SA', datetime.date(2023, 12, 19))",36.81999969482422,37.47999954223633,36.68000030517578,37.060001373291016,4546100,36.90964889526367,0.0
BPAC11,"('BPAC11.SA', datetime.date(2023, 12, 20))",36.900001525878906,37.029998779296875,36.2599983215332,36.630001068115234,5570600,36.48139190673828,0.0
BPAC11,"('BPAC11.SA', datetime.date(2023, 12, 21))",36.959999084472656,36.959999084472656,36.04999923706055,36.65999984741211,6340600,36.511268615722656,0.0
BPAC11,"('BPAC11.SA', datetime.date(2023, 12, 22))",36.880001068115234,36.880001068115234,36.18000030517578,36.79999923706055,4830100,36.650699615478516,0.0
BPAC11,"('BPAC11.SA', datetime.date(2023, 12, 26))",36.79999923706055,37.369998931884766,36.599998474121094,37.290000915527344,3360500,37.13871383666992,0.0
BPAC11,"('BPAC11.SA', datetime.date(2023, 12, 27))",37.099998474121094,37.88999938964844,37.029998779296875,37.560001373291016,5075700,37.40761947631836,0.0
BPAC11,"('BPAC11.SA', datetime.date(2023, 12, 28))",37.54999923706055,38.119998931884766,37.43000030517578,37.61000061035156,5348800,37.45741653442383,0.0
BPAC11,"('BPAC11.SA', datetime.date(2024, 1, 2))",37.61000061035156,37.81999969482422,36.849998474121094,37.22999954223633,5020500,37.078956604003906,0.0
BPAC11,"('BPAC11.SA', datetime.date(2024, 1, 3))",37.0099983215332,37.52000045776367,36.439998626708984,36.540000915527344,10161200,36.39175796508789,0.0
BPAC11,"('BPAC11.SA', datetime.date(2024, 1, 4))",36.41999816894531,36.4900016784668,35.470001220703125,35.959999084472656,7690100,35.959999084472656,0.148245
BPAC11,"('BPAC11.SA', datetime.date(2024, 1, 5))",35.88999938964844,37.09000015258789,35.70000076293945,36.72999954223633,8636100,36.72999954223633,0.0
BPAC11,"('BPAC11.SA', datetime.date(2024, 1, 8))",36.599998474121094,37.90999984741211,36.599998474121094,37.90999984741211,7777700,37.90999984741211,0.0
BPAC11,"('BPAC11.SA', datetime.date(2024, 1, 9))",37.619998931884766,38.150001525878906,37.58000183105469,37.779998779296875,7135300,37.779998779296875,0.0
BPAC11,"('BPAC11.SA', datetime.date(2024, 1, 10))",37.83000183105469,38.11000061035156,37.33000183105469,37.7599983215332,5303200,37.7599983215332,0.0
BPAC11,"('BPAC11.SA', datetime.date(2024, 1, 11))",37.66999816894531,37.869998931884766,37.15999984741211,37.4900016784668,6505300,37.4900016784668,0.0
BPAC11,"('BPAC11.SA', datetime.date(2024, 1, 12))",37.439998626708984,38.5,36.54999923706055,38.34000015258789,9232800,38.34000015258789,0.0
BPAC11,"('BPAC11.SA', datetime.date(2024, 1, 15))",38.34000015258789,38.630001068115234,38.0099983215332,38.470001220703125,2266100,38.470001220703125,0.0
BPAC11,"('BPAC11.SA', datetime.date(2024, 1, 16))",38.0,38.2599983215332,37.66999816894531,37.84000015258789,6385000,37.84000015258789,0.0
BPAC11,"('BPAC11.SA', datetime.date(2024, 1, 17))",37.79999923706055,38.029998779296875,36.58000183105469,36.959999084472656,15066500,36.959999084472656,0.0
BPAC11,"('BPAC11.SA', datetime.date(2024, 1, 18))",37.04999923706055,37.130001068115234,36.099998474121094,36.54999923706055,8906400,36.54999923706055,0.0
BPAC11,"('BPAC11.SA', datetime.date(2024, 1, 19))",36.83000183105469,37.060001373291016,36.2400016784668,36.81999969482422,9374700,36.81999969482422,0.0
BPAC11,"('BPAC11.SA', datetime.date(2024, 1, 22))",36.83000183105469,37.0,36.099998474121094,36.86000061035156,8042700,36.86000061035156,0.0
BPAC11,"('BPAC11.SA', datetime.date(2024, 1, 23))",37.0099983215332,37.34000015258789,36.72999954223633,37.25,9165300,37.25,0.0
BPAC11,"('BPAC11.SA', datetime.date(2024, 1, 24))",37.54999923706055,37.77000045776367,37.0,37.380001068115234,7835400,37.380001068115234,0.0
BPAC11,"('BPAC11.SA', datetime.date(2024, 1, 25))",37.33000183105469,37.61000061035156,36.77000045776367,37.0,8311200,37.0,0.0
BPAC11,"('BPAC11.SA', datetime.date(2024, 1, 26))",37.36000061035156,37.369998931884766,36.83000183105469,37.040000915527344,6624200,37.040000915527344,0.0
BPAC11,"('BPAC11.SA', datetime.date(2024, 1, 29))",37.04999923706055,37.04999923706055,36.5,36.65999984741211,3057400,36.65999984741211,0.0
BPAC11,"('BPAC11.SA', datetime.date(2024, 1, 30))",36.65999984741211,36.75,35.560001373291016,35.900001525878906,7944200,35.900001525878906,0.0
BPAC11,"('BPAC11.SA', datetime.date(2024, 1, 31))",36.0,36.470001220703125,35.65999984741211,36.02000045776367,11215300,36.02000045776367,0.0
BPAC11,"('BPAC11.SA', datetime.date(2024, 2, 1))",36.09000015258789,36.7400016784668,35.77000045776367,36.68000030517578,7699800,36.68000030517578,0.0
BPAC11,"('BPAC11.SA', datetime.date(2024, 2, 2))",36.7599983215332,37.08000183105469,36.150001525878906,36.66999816894531,8178700,36.66999816894531,0.0
BPAC11,"('BPAC11.SA', datetime.date(2024, 2, 5))",37.20000076293945,37.29999923706055,36.0,36.97999954223633,5046900,36.97999954223633,0.0
BPAC11,"('BPAC11.SA', datetime.date(2024, 2, 6))",36.959999084472656,37.599998474121094,36.619998931884766,37.54999923706055,9095700,37.54999923706055,0.0
BPAC11,"('BPAC11.SA', datetime.date(2024, 2, 7))",37.54999923706055,38.470001220703125,37.36000061035156,38.380001068115234,9861200,38.380001068115234,0.0
BPAC11,"('BPAC11.SA', datetime.date(2024, 2, 8))",38.2400016784668,38.599998474121094,37.2400016784668,37.33000183105469,11774600,37.33000183105469,0.0
BPAC11,"('BPAC11.SA', datetime.date(2024, 2, 9))",37.31999969482422,37.689998626708984,37.15999984741211,37.56999969482422,8294200,37.56999969482422,0.0
BPAC11,"('BPAC11.SA', datetime.date(2024, 2, 14))",37.119998931884766,37.38999938964844,36.84000015258789,37.02000045776367,4706500,37.02000045776367,0.0
BPAC11,"('BPAC11.SA', datetime.date(2024, 2, 15))",37.08000183105469,37.20000076293945,36.310001373291016,36.720001220703125,8124700,36.720001220703125,0.0
BPAC11,"('BPAC11.SA', datetime.date(2024, 2, 16))",36.72999954223633,36.83000183105469,36.09000015258789,36.41999816894531,4919400,36.41999816894531,0.0
BPAC11,"('BPAC11.SA', datetime.date(2024, 2, 19))",36.11000061035156,36.959999084472656,36.0099983215332,36.88999938964844,3649700,36.88999938964844,0.0
BPAC11,"('BPAC11.SA', datetime.date(2024, 2, 20))",36.58000183105469,37.599998474121094,36.58000183105469,37.310001373291016,6251700,37.310001373291016,0.0
BPAC11,"('BPAC11.SA', datetime.date(2024, 2, 21))",37.310001373291016,38.029998779296875,36.90999984741211,38.029998779296875,14870700,38.029998779296875,0.0
BPAC11,"('BPAC11.SA', datetime.date(2024, 2, 22))",38.060001373291016,38.11000061035156,37.66999816894531,37.81999969482422,3524700,37.81999969482422,0.0
BPAC11,"('BPAC11.SA', datetime.date(2024, 2, 23))",38.0,38.0,36.59000015258789,36.95000076293945,6276600,36.95000076293945,0.0
BPAC11,"('BPAC11.SA', datetime.date(2024, 2, 26))",36.900001525878906,37.29999923706055,36.689998626708984,36.95000076293945,3837500,36.95000076293945,0.0
BPAC11,"('BPAC11.SA', datetime.date(2024, 2, 27))",37.220001220703125,37.220001220703125,36.25,36.560001373291016,9752700,36.560001373291016,0.0
BPAC11,"('BPAC11.SA', datetime.date(2024, 2, 28))",36.400001525878906,36.650001525878906,36.040000915527344,36.38999938964844,7537400,36.38999938964844,0.0
BPAC11,"('BPAC11.SA', datetime.date(2024, 2, 29))",36.20000076293945,36.619998931884766,35.869998931884766,36.38999938964844,7680300,36.38999938964844,0.0
BPAC11,"('BPAC11.SA', datetime.date(2024, 3, 1))",36.310001373291016,36.400001525878906,35.86000061035156,36.0099983215332,5564400,36.0099983215332,0.0
BPAC11,"('BPAC11.SA', datetime.date(2024, 3, 4))",36.0099983215332,36.0099983215332,36.0099983215332,36.0099983215332,0,36.0099983215332,0.0
BPAC11,"('BPAC11.SA', datetime.date(2024, 3, 5))",36.0099983215332,36.27000045776367,35.290000915527344,35.54999923706055,7014200,35.54999923706055,0.0
BPAC11,"('BPAC11.SA', datetime.date(2024, 3, 6))",35.540000915527344,36.15999984741211,35.400001525878906,35.689998626708984,11834100,35.689998626708984,0.0
BPAC11,"('BPAC11.SA', datetime.date(2024, 3, 7))",35.5,35.880001068115234,35.09000015258789,35.56999969482422,5877700,35.56999969482422,0.0
BPAC11,"('BPAC11.SA', datetime.date(2024, 3, 8))",35.33000183105469,36.09000015258789,34.81999969482422,35.630001068115234,8747500,35.630001068115234,0.0
BPAC11,"('BPAC11.SA', datetime.date(2024, 3, 11))",35.5,35.75,35.40999984741211,35.560001373291016,5799900,35.560001373291016,0.0
BPAC11,"('BPAC11.SA', datetime.date(2024, 3, 12))",35.810001373291016,36.720001220703125,35.65999984741211,36.41999816894531,5781400,36.41999816894531,0.0
BPAC11,"('BPAC11.SA', datetime.date(2024, 3, 13))",36.290000915527344,37.650001525878906,36.2599983215332,37.400001525878906,8593700,37.400001525878906,0.0
BPAC11,"('BPAC11.SA', datetime.date(2024, 3, 14))",37.470001220703125,37.560001373291016,36.79999923706055,37.18000030517578,5457100,37.18000030517578,0.0
BPAC11,"('BPAC11.SA', datetime.date(2024, 3, 15))",37.06999969482422,37.56999969482422,36.27000045776367,36.27000045776367,13136600,36.27000045776367,0.0
MRVE3,"('MRVE3.SA', datetime.date(2023, 6, 1))",10.100000381469727,10.800000190734863,10.0600004196167,10.699999809265137,14340600,10.699999809265137,
MRVE3,"('MRVE3.SA', datetime.date(2023, 6, 2))",10.739999771118164,11.029999732971191,10.600000381469727,10.75,10005600,10.75,
MRVE3,"('MRVE3.SA', datetime.date(2023, 6, 5))",10.75,11.069999694824219,10.619999885559082,10.899999618530273,6875100,10.899999618530273,
MRVE3,"('MRVE3.SA', datetime.date(2023, 6, 6))",10.970000267028809,11.8100004196167,10.970000267028809,11.8100004196167,13552400,11.8100004196167,
MRVE3,"('MRVE3.SA', datetime.date(2023, 6, 7))",11.920000076293945,11.979999542236328,11.119999885559082,11.6899995803833,19941600,11.6899995803833,
MRVE3,"('MRVE3.SA', datetime.date(2023, 6, 9))",11.739999771118164,12.0600004196167,11.59000015258789,11.649999618530273,11021900,11.649999618530273,
MRVE3,"('MRVE3.SA', datetime.date(2023, 6, 12))",11.630000114440918,11.710000038146973,11.470000267028809,11.600000381469727,8126500,11.600000381469727,
MRVE3,"('MRVE3.SA', datetime.date(2023, 6, 13))",11.720000267028809,11.859999656677246,10.789999961853027,11.039999961853027,11516000,11.039999961853027,
MRVE3,"('MRVE3.SA', datetime.date(2023, 6, 14))",11.199999809265137,11.829999923706055,11.149999618530273,11.829999923706055,19484500,11.829999923706055,
MRVE3,"('MRVE3.SA', datetime.date(2023, 6, 15))",11.989999771118164,12.300000190734863,11.619999885559082,11.920000076293945,12333700,11.920000076293945,
MRVE3,"('MRVE3.SA', datetime.date(2023, 6, 16))",11.930000305175781,11.930000305175781,11.609999656677246,11.699999809265137,5305300,11.699999809265137,
MRVE3,"('MRVE3.SA', datetime.date(2023, 6, 19))",11.710000038146973,11.869999885559082,11.59000015258789,11.789999961853027,3287700,11.789999961853027,
MRVE3,"('MRVE3.SA', datetime.date(2023, 6, 20))",11.739999771118164,11.9399995803833,11.550000190734863,11.760000228881836,11205000,11.760000228881836,
MRVE3,"('MRVE3.SA', datetime.date(2023, 6, 21))",11.770000457763672,12.130000114440918,11.65999984741211,11.899999618530273,18339400,11.899999618530273,
MRVE3,"('MRVE3.SA', datetime.date(2023, 6, 22))",11.779999732971191,11.819999694824219,11.09000015258789,11.300000190734863,16089400,11.300000190734863,
MRVE3,"('MRVE3.SA', datetime.date(2023, 6, 23))",11.270000457763672,11.369999885559082,10.75,11.119999885559082,20567800,11.119999885559082,
MRVE3,"('MRVE3.SA', datetime.date(2023, 6, 26))",11.119999885559082,11.279999732971191,10.40999984741211,10.800000190734863,17304600,10.800000190734863,
MRVE3,"('MRVE3.SA', datetime.date(2023, 6, 27))",10.960000038146973,11.0600004196167,10.15999984741211,10.430000305175781,15969400,10.430000305175781,
MRVE3,"('MRVE3.SA', datetime.date(2023, 6, 28))",10.430000305175781,11.180000305175781,10.3100004196167,10.649999618530273,22568500,10.649999618530273,
MRVE3,"('MRVE3.SA', datetime.date(2023, 6, 29))",10.739999771118164,11.3100004196167,10.6899995803833,11.170000076293945,18112700,11.170000076293945,
MRVE3,"('MRVE3.SA', datetime.date(2023, 6, 30))",11.430000305175781,12.029999732971191,11.380000114440918,11.569999694824219,22052800,11.569999694824219,
MRVE3,"('MRVE3.SA', datetime.date(2023, 7, 3))",11.5600004196167,11.710000038146973,10.979999542236328,11.210000038146973,15950800,11.210000038146973,
MRVE3,"('MRVE3.SA', datetime.date(2023, 7, 4))",11.239999771118164,12.1899995803833,11.180000305175781,11.989999771118164,20042100,11.989999771118164,
MRVE3,"('MRVE3.SA', datetime.date(2023, 7, 5))",12.0,12.930000305175781,11.84000015258789,12.789999961853027,21756300,12.789999961853027,
MRVE3,"('MRVE3.SA', datetime.date(2023, 7, 6))",12.670000076293945,13.279999732971191,12.180000305175781,12.930000305175781,18306600,12.930000305175781,
MRVE3,"('MRVE3.SA', datetime.date(2023, 7, 7))",13.050000190734863,13.420000076293945,12.989999771118164,13.289999961853027,8754300,13.289999961853027,
MRVE3,"('MRVE3.SA', datetime.date(2023, 7, 10))",13.319999694824219,13.329999923706055,12.779999732971191,13.050000190734863,8352000,13.050000190734863,
MRVE3,"('MRVE3.SA', datetime.date(2023, 7, 11))",13.0,13.140000343322754,12.430000305175781,13.0,10561400,13.0,
MRVE3,"('MRVE3.SA', datetime.date(2023, 7, 12))",13.149999618530273,13.5600004196167,13.010000228881836,13.15999984741211,9929200,13.15999984741211,
MRVE3,"('MRVE3.SA', datetime.date(2023, 7, 13))",13.319999694824219,13.4399995803833,12.770000457763672,13.0,13953700,13.0,
MRVE3,"('MRVE3.SA', datetime.date(2023, 7, 14))",13.0,13.25,12.680000305175781,12.850000381469727,20912200,12.850000381469727,
MRVE3,"('MRVE3.SA', datetime.date(2023, 7, 17))",12.770000457763672,13.229999542236328,12.520000457763672,13.229999542236328,11853600,13.229999542236328,
MRVE3,"('MRVE3.SA', datetime.date(2023, 7, 18))",13.220000267028809,13.819999694824219,13.15999984741211,13.5600004196167,13055600,13.5600004196167,
MRVE3,"('MRVE3.SA', datetime.date(2023, 7, 19))",13.670000076293945,13.880000114440918,13.260000228881836,13.789999961853027,13199500,13.789999961853027,
MRVE3,"('MRVE3.SA', datetime.date(2023, 7, 20))",13.84000015258789,13.899999618530273,13.5,13.600000381469727,9042700,13.600000381469727,
MRVE3,"('MRVE3.SA', datetime.date(2023, 7, 21))",13.630000114440918,13.84000015258789,13.520000457763672,13.75,11500100,13.75,
MRVE3,"('MRVE3.SA', datetime.date(2023, 7, 24))",13.800000190734863,14.079999923706055,13.609999656677246,13.979999542236328,5824400,13.979999542236328,
MRVE3,"('MRVE3.SA', datetime.date(2023, 7, 25))",14.289999961853027,14.59000015258789,13.949999809265137,14.119999885559082,8994000,14.119999885559082,
MRVE3,"('MRVE3.SA', datetime.date(2023, 7, 26))",14.149999618530273,14.149999618530273,13.5600004196167,14.140000343322754,14999300,14.140000343322754,
MRVE3,"('MRVE3.SA', datetime.date(2023, 7, 27))",14.420000076293945,14.420000076293945,13.720000267028809,13.84000015258789,10057800,13.84000015258789,
MRVE3,"('MRVE3.SA', datetime.date(2023, 7, 28))",13.920000076293945,14.069999694824219,13.699999809265137,13.9399995803833,4351800,13.9399995803833,
MRVE3,"('MRVE3.SA', datetime.date(2023, 7, 31))",14.0,14.149999618530273,13.84000015258789,13.899999618530273,7882400,13.899999618530273,
MRVE3,"('MRVE3.SA', datetime.date(2023, 8, 1))",13.880000114440918,13.899999618530273,13.640000343322754,13.890000343322754,6691500,13.890000343322754,
MRVE3,"('MRVE3.SA', datetime.date(2023, 8, 2))",13.850000381469727,14.140000343322754,13.619999885559082,13.899999618530273,9137800,13.899999618530273,
MRVE3,"('MRVE3.SA', datetime.date(2023, 8, 3))",14.199999809265137,14.550000190734863,13.880000114440918,13.880000114440918,13253300,13.880000114440918,
MRVE3,"('MRVE3.SA', datetime.date(2023, 8, 4))",13.869999885559082,14.25,13.8100004196167,13.9399995803833,6930600,13.9399995803833,
MRVE3,"('MRVE3.SA', datetime.date(2023, 8, 7))",13.949999809265137,14.229999542236328,13.75,13.920000076293945,6839200,13.920000076293945,
MRVE3,"('MRVE3.SA', datetime.date(2023, 8, 8))",13.739999771118164,14.1899995803833,13.5,14.029999732971191,6146800,14.029999732971191,
MRVE3,"('MRVE3.SA', datetime.date(2023, 8, 9))",14.020000457763672,14.050000190734863,13.569999694824219,13.75,8052000,13.75,
MRVE3,"('MRVE3.SA', datetime.date(2023, 8, 10))",14.029999732971191,14.09000015258789,13.130000114440918,13.520000457763672,11258200,13.520000457763672,
MRVE3,"('MRVE3.SA', datetime.date(2023, 8, 11))",13.510000228881836,13.779999732971191,13.15999984741211,13.300000190734863,7379800,13.300000190734863,
MRVE3,"('MRVE3.SA', datetime.date(2023, 8, 14))",13.279999732971191,13.34000015258789,12.699999809265137,12.760000228881836,9013900,12.760000228881836,
MRVE3,"('MRVE3.SA', datetime.date(2023, 8, 15))",12.859999656677246,13.020000457763672,12.609999656677246,12.90999984741211,7729400,12.90999984741211,
MRVE3,"('MRVE3.SA', datetime.date(2023, 8, 16))",12.970000267028809,13.149999618530273,12.479999542236328,12.75,10548400,12.75,
MRVE3,"('MRVE3.SA', datetime.date(2023, 8, 17))",12.770000457763672,12.84000015258789,12.300000190734863,12.4399995803833,12787500,12.4399995803833,
MRVE3,"('MRVE3.SA', datetime.date(2023, 8, 18))",12.329999923706055,12.850000381469727,12.199999809265137,12.710000038146973,9776600,12.710000038146973,
MRVE3,"('MRVE3.SA', datetime.date(2023, 8, 21))",12.710000038146973,12.720000267028809,12.289999961853027,12.479999542236328,9440500,12.479999542236328,
MRVE3,"('MRVE3.SA', datetime.date(2023, 8, 22))",12.510000228881836,13.039999961853027,12.510000228881836,12.930000305175781,7065100,12.930000305175781,
MRVE3,"('MRVE3.SA', datetime.date(2023, 8, 23))",13.020000457763672,13.329999923706055,12.850000381469727,13.0,8472200,13.0,
MRVE3,"('MRVE3.SA', datetime.date(2023, 8, 24))",12.979999542236328,13.170000076293945,12.850000381469727,12.90999984741211,3608100,12.90999984741211,
MRVE3,"('MRVE3.SA', datetime.date(2023, 8, 25))",12.90999984741211,12.949999809265137,12.119999885559082,12.1899995803833,13074100,12.1899995803833,
MRVE3,"('MRVE3.SA', datetime.date(2023, 8, 28))",12.170000076293945,12.1899995803833,11.729999542236328,11.979999542236328,12538400,11.979999542236328,
MRVE3,"('MRVE3.SA', datetime.date(2023, 8, 29))",11.979999542236328,12.130000114440918,11.779999732971191,11.930000305175781,5767700,11.930000305175781,
MRVE3,"('MRVE3.SA', datetime.date(2023, 8, 30))",12.0,12.050000190734863,11.59000015258789,11.680000305175781,8550200,11.680000305175781,
MRVE3,"('MRVE3.SA', datetime.date(2023, 8, 31))",11.609999656677246,11.619999885559082,11.239999771118164,11.359999656677246,11916500,11.359999656677246,
MRVE3,"('MRVE3.SA', datetime.date(2023, 9, 1))",11.430000305175781,11.920000076293945,11.430000305175781,11.789999961853027,10471000,11.789999961853027,
MRVE3,"('MRVE3.SA', datetime.date(2023, 9, 4))",11.800000190734863,11.9399995803833,11.489999771118164,11.600000381469727,5219100,11.600000381469727,
MRVE3,"('MRVE3.SA', datetime.date(2023, 9, 5))",11.529999732971191,11.649999618530273,11.289999961853027,11.539999961853027,7302700,11.539999961853027,
MRVE3,"('MRVE3.SA', datetime.date(2023, 9, 6))",11.630000114440918,11.8100004196167,11.569999694824219,11.609999656677246,7893200,11.609999656677246,
MRVE3,"('MRVE3.SA', datetime.date(2023, 9, 8))",11.569999694824219,11.760000228881836,11.449999809265137,11.710000038146973,6237100,11.710000038146973,
MRVE3,"('MRVE3.SA', datetime.date(2023, 9, 11))",11.800000190734863,12.010000228881836,11.529999732971191,11.819999694824219,6543600,11.819999694824219,
MRVE3,"('MRVE3.SA', datetime.date(2023, 9, 12))",11.880000114440918,12.149999618530273,11.75,12.050000190734863,9093100,12.050000190734863,
MRVE3,"('MRVE3.SA', datetime.date(2023, 9, 13))",12.100000381469727,12.4399995803833,11.960000038146973,12.15999984741211,7812900,12.15999984741211,
MRVE3,"('MRVE3.SA', datetime.date(2023, 9, 14))",12.199999809265137,12.229999542236328,11.8100004196167,12.0600004196167,6484200,12.0600004196167,
MRVE3,"('MRVE3.SA', datetime.date(2023, 9, 15))",12.100000381469727,12.100000381469727,11.609999656677246,11.699999809265137,18058100,11.699999809265137,
MRVE3,"('MRVE3.SA', datetime.date(2023, 9, 18))",11.680000305175781,11.9399995803833,11.489999771118164,11.510000228881836,9744600,11.510000228881836,
MRVE3,"('MRVE3.SA', datetime.date(2023, 9, 19))",11.489999771118164,11.489999771118164,11.09000015258789,11.149999618530273,13217800,11.149999618530273,
MRVE3,"('MRVE3.SA', datetime.date(2023, 9, 20))",11.15999984741211,11.729999542236328,11.149999618530273,11.380000114440918,14702600,11.380000114440918,
MRVE3,"('MRVE3.SA', datetime.date(2023, 9, 21))",11.220000267028809,11.220000267028809,10.699999809265137,10.829999923706055,19596300,10.829999923706055,
MRVE3,"('MRVE3.SA', datetime.date(2023, 9, 22))",10.920000076293945,11.0600004196167,10.609999656677246,10.680000305175781,7832400,10.680000305175781,
MRVE3,"('MRVE3.SA', datetime.date(2023, 9, 25))",10.569999694824219,10.609999656677246,10.15999984741211,10.380000114440918,14086300,10.380000114440918,
MRVE3,"('MRVE3.SA', datetime.date(2023, 9, 26))",10.149999618530273,10.390000343322754,9.960000038146973,10.020000457763672,10770300,10.020000457763672,
MRVE3,"('MRVE3.SA', datetime.date(2023, 9, 27))",10.109999656677246,10.319999694824219,9.760000228881836,9.989999771118164,13070400,9.989999771118164,
MRVE3,"('MRVE3.SA', datetime.date(2023, 9, 28))",9.960000038146973,10.369999885559082,9.920000076293945,10.279999732971191,10828000,10.279999732971191,
MRVE3,"('MRVE3.SA', datetime.date(2023, 9, 29))",10.550000190734863,10.75,10.40999984741211,10.670000076293945,16827900,10.670000076293945,
MRVE3,"('MRVE3.SA', datetime.date(2023, 10, 2))",10.619999885559082,10.619999885559082,9.970000267028809,9.970000267028809,11144400,9.970000267028809,
MRVE3,"('MRVE3.SA', datetime.date(2023, 10, 3))",9.90999984741211,9.949999809265137,9.369999885559082,9.4399995803833,16500300,9.4399995803833,
MRVE3,"('MRVE3.SA', datetime.date(2023, 10, 4))",9.5,9.770000457763672,9.430000305175781,9.430000305175781,17238100,9.430000305175781,
MRVE3,"('MRVE3.SA', datetime.date(2023, 10, 5))",9.420000076293945,9.619999885559082,8.789999961853027,9.09000015258789,37066000,9.09000015258789,
MRVE3,"('MRVE3.SA', datetime.date(2023, 10, 6))",8.699999809265137,9.09000015258789,8.369999885559082,9.0,34811800,9.0,
MRVE3,"('MRVE3.SA', datetime.date(2023, 10, 9))",8.8100004196167,9.380000114440918,8.729999542236328,9.279999732971191,16772400,9.279999732971191,
MRVE3,"('MRVE3.SA', datetime.date(2023, 10, 10))",9.369999885559082,9.880000114440918,9.359999656677246,9.479999542236328,17948500,9.479999542236328,
MRVE3,"('MRVE3.SA', datetime.date(2023, 10, 11))",9.550000190734863,9.699999809265137,9.279999732971191,9.430000305175781,8673700,9.430000305175781,
MRVE3,"('MRVE3.SA', datetime.date(2023, 10, 13))",9.289999961853027,9.319999694824219,9.0,9.039999961853027,12245000,9.039999961853027,
MRVE3,"('MRVE3.SA', datetime.date(2023, 10, 16))",9.100000381469727,9.399999618530273,8.970000267028809,9.289999961853027,10576700,9.289999961853027,
MRVE3,"('MRVE3.SA', datetime.date(2023, 10, 17))",9.229999542236328,9.670000076293945,9.130000114440918,9.229999542236328,16989600,9.229999542236328,
MRVE3,"('MRVE3.SA', datetime.date(2023, 10, 18))",9.25,9.25,8.1899995803833,8.300000190734863,37504200,8.300000190734863,
MRVE3,"('MRVE3.SA', datetime.date(2023, 10, 19))",8.25,8.5600004196167,8.15999984741211,8.239999771118164,29699200,8.239999771118164,
MRVE3,"('MRVE3.SA', datetime.date(2023, 10, 20))",8.170000076293945,8.279999732971191,7.940000057220459,8.140000343322754,16456200,8.140000343322754,
MRVE3,"('MRVE3.SA', datetime.date(2023, 10, 23))",8.170000076293945,8.75,8.119999885559082,8.569999694824219,16371100,8.569999694824219,
MRVE3,"('MRVE3.SA', datetime.date(2023, 10, 24))",8.720000267028809,8.770000457763672,8.420000076293945,8.65999984741211,12931000,8.65999984741211,
MRVE3,"('MRVE3.SA', datetime.date(2023, 10, 25))",8.600000381469727,8.729999542236328,8.149999618530273,8.239999771118164,10027800,8.239999771118164,
MRVE3,"('MRVE3.SA', datetime.date(2023, 10, 26))",8.270000457763672,8.720000267028809,8.270000457763672,8.670000076293945,12426500,8.670000076293945,
MRVE3,"('MRVE3.SA', datetime.date(2023, 10, 27))",8.670000076293945,8.789999961853027,8.279999732971191,8.329999923706055,8639100,8.329999923706055,
MRVE3,"('MRVE3.SA', datetime.date(2023, 10, 30))",8.380000114440918,8.460000038146973,8.130000114440918,8.229999542236328,8480400,8.229999542236328,
MRVE3,"('MRVE3.SA', datetime.date(2023, 10, 31))",8.3100004196167,8.369999885559082,8.079999923706055,8.25,6924100,8.25,
MRVE3,"('MRVE3.SA', datetime.date(2023, 11, 1))",8.319999694824219,8.5600004196167,8.180000305175781,8.460000038146973,10500800,8.460000038146973,
MRVE3,"('MRVE3.SA', datetime.date(2023, 11, 3))",8.75,9.329999923706055,8.75,9.25,17723400,9.25,
MRVE3,"('MRVE3.SA', datetime.date(2023, 11, 6))",9.3100004196167,9.369999885559082,8.949999809265137,9.050000190734863,10967300,9.050000190734863,
MRVE3,"('MRVE3.SA', datetime.date(2023, 11, 7))",9.050000190734863,9.449999809265137,8.960000038146973,9.34000015258789,11612600,9.34000015258789,
MRVE3,"('MRVE3.SA', datetime.date(2023, 11, 8))",9.399999618530273,9.720000267028809,9.239999771118164,9.289999961853027,13058900,9.289999961853027,
MRVE3,"('MRVE3.SA', datetime.date(2023, 11, 9))",9.279999732971191,10.15999984741211,9.170000076293945,9.520000457763672,19623800,9.520000457763672,
MRVE3,"('MRVE3.SA', datetime.date(2023, 11, 10))",9.630000114440918,10.229999542236328,9.550000190734863,10.119999885559082,11664200,10.119999885559082,
MRVE3,"('MRVE3.SA', datetime.date(2023, 11, 13))",10.149999618530273,10.229999542236328,9.960000038146973,9.979999542236328,8147000,9.979999542236328,
MRVE3,"('MRVE3.SA', datetime.date(2023, 11, 14))",10.050000190734863,10.630000114440918,10.050000190734863,10.489999771118164,12033100,10.489999771118164,
MRVE3,"('MRVE3.SA', datetime.date(2023, 11, 16))",10.529999732971191,10.859999656677246,10.489999771118164,10.640000343322754,13563000,10.640000343322754,
MRVE3,"('MRVE3.SA', datetime.date(2023, 11, 17))",10.710000038146973,10.770000457763672,10.4399995803833,10.649999618530273,13042100,10.649999618530273,
MRVE3,"('MRVE3.SA', datetime.date(2023, 11, 20))",10.630000114440918,10.6899995803833,10.420000076293945,10.619999885559082,8256800,10.619999885559082,
MRVE3,"('MRVE3.SA', datetime.date(2023, 11, 21))",10.520000457763672,10.529999732971191,9.979999542236328,10.010000228881836,10697000,10.010000228881836,
MRVE3,"('MRVE3.SA', datetime.date(2023, 11, 22))",10.029999732971191,10.350000381469727,9.619999885559082,9.670000076293945,15469700,9.670000076293945,
MRVE3,"('MRVE3.SA', datetime.date(2023, 11, 23))",9.670000076293945,9.789999961853027,9.399999618530273,9.649999618530273,8808300,9.649999618530273,
MRVE3,"('MRVE3.SA', datetime.date(2023, 11, 24))",9.649999618530273,9.65999984741211,9.380000114440918,9.550000190734863,6139400,9.550000190734863,
MRVE3,"('MRVE3.SA', datetime.date(2023, 11, 27))",9.569999694824219,9.800000190734863,9.4399995803833,9.609999656677246,7562000,9.609999656677246,
MRVE3,"('MRVE3.SA', datetime.date(2023, 11, 28))",9.619999885559082,10.260000228881836,9.479999542236328,10.130000114440918,13302300,10.130000114440918,
MRVE3,"('MRVE3.SA', datetime.date(2023, 11, 29))",10.1899995803833,10.34000015258789,9.630000114440918,9.65999984741211,11653100,9.65999984741211,
MRVE3,"('MRVE3.SA', datetime.date(2023, 11, 30))",9.699999809265137,9.819999694824219,9.5,9.670000076293945,11041000,9.670000076293945,
MRVE3,"('MRVE3.SA', datetime.date(2023, 12, 1))",9.729999542236328,9.770000457763672,9.260000228881836,9.59000015258789,18886300,9.59000015258789,
MRVE3,"('MRVE3.SA', datetime.date(2023, 12, 4))",9.539999961853027,9.539999961853027,9.0,9.069999694824219,14559200,9.069999694824219,
MRVE3,"('MRVE3.SA', datetime.date(2023, 12, 5))",9.100000381469727,9.329999923706055,8.9399995803833,9.319999694824219,19173200,9.319999694824219,
MRVE3,"('MRVE3.SA', datetime.date(2023, 12, 6))",9.430000305175781,9.640000343322754,9.100000381469727,9.260000228881836,10330200,9.260000228881836,
MRVE3,"('MRVE3.SA', datetime.date(2023, 12, 7))",9.260000228881836,9.739999771118164,9.109999656677246,9.470000267028809,11631400,9.470000267028809,
MRVE3,"('MRVE3.SA', datetime.date(2023, 12, 8))",9.470000267028809,9.550000190734863,9.210000038146973,9.430000305175781,9392800,9.430000305175781,
MRVE3,"('MRVE3.SA', datetime.date(2023, 12, 11))",9.350000381469727,9.489999771118164,9.300000190734863,9.34000015258789,8216900,9.34000015258789,
MRVE3,"('MRVE3.SA', datetime.date(2023, 12, 12))",9.430000305175781,9.710000038146973,9.369999885559082,9.600000381469727,7517600,9.600000381469727,
MRVE3,"('MRVE3.SA', datetime.date(2023, 12, 13))",9.579999923706055,10.420000076293945,9.449999809265137,10.390000343322754,20070900,10.390000343322754,
MRVE3,"('MRVE3.SA', datetime.date(2023, 12, 14))",10.5,11.319999694824219,10.40999984741211,10.829999923706055,23258600,10.829999923706055,
MRVE3,"('MRVE3.SA', datetime.date(2023, 12, 15))",10.90999984741211,11.180000305175781,10.630000114440918,10.850000381469727,13113800,10.850000381469727,
MRVE3,"('MRVE3.SA', datetime.date(2023, 12, 18))",11.100000381469727,11.279999732971191,10.899999618530273,10.899999618530273,13112700,10.899999618530273,
MRVE3,"('MRVE3.SA', datetime.date(2023, 12, 19))",10.979999542236328,11.1899995803833,10.84000015258789,10.890000343322754,7031300,10.890000343322754,
MRVE3,"('MRVE3.SA', datetime.date(2023, 12, 20))",10.920000076293945,11.199999809265137,10.789999961853027,10.890000343322754,9901300,10.890000343322754,
MRVE3,"('MRVE3.SA', datetime.date(2023, 12, 21))",11.0,11.109999656677246,10.59000015258789,10.6899995803833,25622500,10.6899995803833,
MRVE3,"('MRVE3.SA', datetime.date(2023, 12, 22))",10.75,10.8100004196167,10.609999656677246,10.720000267028809,5709800,10.720000267028809,
MRVE3,"('MRVE3.SA', datetime.date(2023, 12, 26))",10.789999961853027,10.859999656677246,10.600000381469727,10.75,6007100,10.75,
MRVE3,"('MRVE3.SA', datetime.date(2023, 12, 27))",10.710000038146973,11.1899995803833,10.630000114440918,11.020000457763672,9978500,11.020000457763672,
MRVE3,"('MRVE3.SA', datetime.date(2023, 12, 28))",11.100000381469727,11.579999923706055,11.0600004196167,11.229999542236328,13504400,11.229999542236328,
MRVE3,"('MRVE3.SA', datetime.date(2024, 1, 2))",11.220000267028809,11.220000267028809,10.539999961853027,10.720000267028809,10530100,10.720000267028809,
MRVE3,"('MRVE3.SA', datetime.date(2024, 1, 3))",10.670000076293945,10.710000038146973,10.300000190734863,10.449999809265137,16198700,10.449999809265137,
MRVE3,"('MRVE3.SA', datetime.date(2024, 1, 4))",10.380000114440918,10.40999984741211,9.720000267028809,9.8100004196167,18504800,9.8100004196167,
MRVE3,"('MRVE3.SA', datetime.date(2024, 1, 5))",9.729999542236328,10.1899995803833,9.619999885559082,9.859999656677246,16217100,9.859999656677246,
MRVE3,"('MRVE3.SA', datetime.date(2024, 1, 8))",9.829999923706055,10.100000381469727,9.710000038146973,10.050000190734863,17698600,10.050000190734863,
MRVE3,"('MRVE3.SA', datetime.date(2024, 1, 9))",9.970000267028809,10.180000305175781,9.819999694824219,9.979999542236328,8936200,9.979999542236328,
MRVE3,"('MRVE3.SA', datetime.date(2024, 1, 10))",10.010000228881836,10.020000457763672,9.40999984741211,9.510000228881836,17351300,9.510000228881836,
MRVE3,"('MRVE3.SA', datetime.date(2024, 1, 11))",9.510000228881836,9.520000457763672,8.260000228881836,8.390000343322754,68755900,8.390000343322754,
MRVE3,"('MRVE3.SA', datetime.date(2024, 1, 12))",8.5,8.630000114440918,7.820000171661377,7.820000171661377,84710500,7.820000171661377,
MRVE3,"('MRVE3.SA', datetime.date(2024, 1, 15))",7.960000038146973,8.170000076293945,7.78000020980835,7.860000133514404,32865500,7.860000133514404,
MRVE3,"('MRVE3.SA', datetime.date(2024, 1, 16))",7.900000095367432,8.130000114440918,7.550000190734863,7.760000228881836,30464900,7.760000228881836,
MRVE3,"('MRVE3.SA', datetime.date(2024, 1, 17))",7.699999809265137,7.96999979019165,7.610000133514404,7.900000095367432,31070600,7.900000095367432,
MRVE3,"('MRVE3.SA', datetime.date(2024, 1, 18))",8.010000228881836,8.050000190734863,7.730000019073486,7.78000020980835,18967500,7.78000020980835,
MRVE3,"('MRVE3.SA', datetime.date(2024, 1, 19))",7.829999923706055,8.039999961853027,7.550000190734863,7.96999979019165,23362900,7.96999979019165,
MRVE3,"('MRVE3.SA', datetime.date(2024, 1, 22))",8.020000457763672,8.050000190734863,7.730000019073486,7.840000152587891,19244000,7.840000152587891,
MRVE3,"('MRVE3.SA', datetime.date(2024, 1, 23))",7.909999847412109,8.069999694824219,7.860000133514404,7.940000057220459,15763000,7.940000057220459,
MRVE3,"('MRVE3.SA', datetime.date(2024, 1, 24))",8.020000457763672,8.239999771118164,7.980000019073486,8.029999732971191,17215100,8.029999732971191,
MRVE3,"('MRVE3.SA', datetime.date(2024, 1, 25))",7.900000095367432,8.149999618530273,7.78000020980835,7.980000019073486,20343700,7.980000019073486,
MRVE3,"('MRVE3.SA', datetime.date(2024, 1, 26))",8.020000457763672,8.229999542236328,7.929999828338623,8.079999923706055,13544600,8.079999923706055,
MRVE3,"('MRVE3.SA', datetime.date(2024, 1, 29))",8.100000381469727,8.210000038146973,7.929999828338623,7.960000038146973,10107700,7.960000038146973,
MRVE3,"('MRVE3.SA', datetime.date(2024, 1, 30))",7.949999809265137,7.949999809265137,7.610000133514404,7.639999866485596,17733300,7.639999866485596,
MRVE3,"('MRVE3.SA', datetime.date(2024, 1, 31))",7.650000095367432,8.119999885559082,7.650000095367432,7.880000114440918,19151000,7.880000114440918,
MRVE3,"('MRVE3.SA', datetime.date(2024, 2, 1))",7.909999847412109,7.989999771118164,7.679999828338623,7.829999923706055,15401200,7.829999923706055,
MRVE3,"('MRVE3.SA', datetime.date(2024, 2, 2))",7.849999904632568,7.929999828338623,7.539999961853027,7.599999904632568,18460100,7.599999904632568,
MRVE3,"('MRVE3.SA', datetime.date(2024, 2, 5))",7.599999904632568,7.670000076293945,7.179999828338623,7.429999828338623,26457800,7.429999828338623,
MRVE3,"('MRVE3.SA', datetime.date(2024, 2, 6))",7.449999809265137,7.579999923706055,7.340000152587891,7.480000019073486,23176800,7.480000019073486,
MRVE3,"('MRVE3.SA', datetime.date(2024, 2, 7))",7.449999809265137,7.5,7.199999809265137,7.400000095367432,39266600,7.400000095367432,
MRVE3,"('MRVE3.SA', datetime.date(2024, 2, 8))",7.340000152587891,7.360000133514404,6.699999809265137,6.699999809265137,66425000,6.699999809265137,
MRVE3,"('MRVE3.SA', datetime.date(2024, 2, 9))",6.789999961853027,7.260000228881836,6.730000019073486,7.159999847412109,55521100,7.159999847412109,
MRVE3,"('MRVE3.SA', datetime.date(2024, 2, 14))",7.099999904632568,7.170000076293945,6.909999847412109,7.010000228881836,26577900,7.010000228881836,
MRVE3,"('MRVE3.SA', datetime.date(2024, 2, 15))",7.079999923706055,7.260000228881836,6.960000038146973,7.059999942779541,25477900,7.059999942779541,
MRVE3,"('MRVE3.SA', datetime.date(2024, 2, 16))",7.099999904632568,7.380000114440918,7.079999923706055,7.300000190734863,21990400,7.300000190734863,
MRVE3,"('MRVE3.SA', datetime.date(2024, 2, 19))",7.28000020980835,7.389999866485596,7.210000038146973,7.320000171661377,11110900,7.320000171661377,
MRVE3,"('MRVE3.SA', datetime.date(2024, 2, 20))",7.269999980926514,7.670000076293945,7.210000038146973,7.610000133514404,24679000,7.610000133514404,
MRVE3,"('MRVE3.SA', datetime.date(2024, 2, 21))",7.590000152587891,7.690000057220459,7.460000038146973,7.579999923706055,18284000,7.579999923706055,
MRVE3,"('MRVE3.SA', datetime.date(2024, 2, 22))",7.579999923706055,7.760000228881836,7.579999923706055,7.699999809265137,14576000,7.699999809265137,
MRVE3,"('MRVE3.SA', datetime.date(2024, 2, 23))",7.730000019073486,7.889999866485596,7.670000076293945,7.699999809265137,16139600,7.699999809265137,
MRVE3,"('MRVE3.SA', datetime.date(2024, 2, 26))",7.690000057220459,7.769999980926514,7.550000190734863,7.639999866485596,9237700,7.639999866485596,
MRVE3,"('MRVE3.SA', datetime.date(2024, 2, 27))",7.71999979019165,8.180000305175781,7.71999979019165,8.119999885559082,21802500,8.119999885559082,
MRVE3,"('MRVE3.SA', datetime.date(2024, 2, 28))",8.09000015258789,8.09000015258789,7.769999980926514,7.849999904632568,12647800,7.849999904632568,
MRVE3,"('MRVE3.SA', datetime.date(2024, 2, 29))",7.75,7.760000228881836,7.329999923706055,7.619999885559082,38349100,7.619999885559082,
MRVE3,"('MRVE3.SA', datetime.date(2024, 3, 1))",7.349999904632568,7.679999828338623,7.059999942779541,7.599999904632568,47257400,7.599999904632568,
MRVE3,"('MRVE3.SA', datetime.date(2024, 3, 4))",7.829999923706055,8.020000457763672,7.650000095367432,7.789999961853027,24568800,7.789999961853027,
MRVE3,"('MRVE3.SA', datetime.date(2024, 3, 5))",7.849999904632568,8.020000457763672,7.760000228881836,7.760000228881836,19476300,7.760000228881836,
MRVE3,"('MRVE3.SA', datetime.date(2024, 3, 6))",7.829999923706055,7.989999771118164,7.769999980926514,7.809999942779541,16420400,7.809999942779541,
MRVE3,"('MRVE3.SA', datetime.date(2024, 3, 7))",7.860000133514404,7.96999979019165,7.670000076293945,7.670000076293945,12587100,7.670000076293945,
MRVE3,"('MRVE3.SA', datetime.date(2024, 3, 8))",7.570000171661377,7.949999809265137,7.5,7.760000228881836,15103500,7.760000228881836,
MRVE3,"('MRVE3.SA', datetime.date(2024, 3, 11))",7.760000228881836,7.800000190734863,7.659999847412109,7.78000020980835,8309000,7.78000020980835,
MRVE3,"('MRVE3.SA', datetime.date(2024, 3, 12))",7.829999923706055,7.940000057220459,7.699999809265137,7.900000095367432,11256100,7.900000095367432,
MRVE3,"('MRVE3.SA', datetime.date(2024, 3, 13))",7.860000133514404,8.170000076293945,7.849999904632568,8.069999694824219,20102700,8.069999694824219,
MRVE3,"('MRVE3.SA', datetime.date(2024, 3, 14))",8.109999656677246,8.279999732971191,8.039999961853027,8.229999542236328,29459400,8.229999542236328,
MRVE3,"('MRVE3.SA', datetime.date(2024, 3, 15))",8.279999732971191,8.579999923706055,8.069999694824219,8.239999771118164,40647500,8.239999771118164,
